order_id,date,customer_name,product,quantity,unit_price,total,region,sales_rep
ORD-0001,2023-02-07,XYZ Inc,Headphones,9,398.18,3583.62,North,Charlie Wilson
ORD-0002,2023-03-21,Enterprise Ltd,Phone,8,988.15,7905.2,South,Jane Smith
ORD-0003,2023-01-12,Mega Corp,Headphones,6,572.83,3436.9800000000005,South,Alice Brown
ORD-0004,2023-05-06,Mega Corp,Headphones,6,756.33,4537.9800000000005,Central,Alice Brown
ORD-0005,2023-06-25,XYZ Inc,Keyboard,7,289.74,2028.18,West,John Doe
ORD-0006,2023-04-11,Small Business,Tablet,1,167.05,167.05,Central,Jane Smith
ORD-0007,2023-08-26,Startup Co,Mouse,10,97.43,974.3000000000001,West,Charlie Wilson
ORD-0008,2023-05-29,Acme Corp,Laptop,4,624.55,2498.2,West,Charlie Wilson
ORD-0009,2023-04-25,Small Business,Monitor,4,409.6,1638.4,East,Alice Brown
ORD-0010,2023-01-25,Tech Solutions,Keyboard,5,927.51,4637.55,Central,Alice Brown
ORD-0011,2023-01-24,Small Business,Laptop,6,158.03,948.1800000000001,West,Jane Smith
ORD-0012,2023-01-20,Tech Solutions,Mouse,4,552.01,2208.04,Central,Jane Smith
ORD-0013,2023-12-25,Enterprise Ltd,Phone,2,631.32,1262.64,North,Charlie Wilson
ORD-0014,2023-07-18,Tech Solutions,Phone,1,815.5,815.5,West,John Doe
ORD-0015,2023-07-25,Startup Co,Headphones,1,675.71,675.71,Central,Charlie Wilson
ORD-0016,2023-11-25,Startup Co,Phone,9,523.42,4710.78,North,John Doe
ORD-0017,2023-05-31,XYZ Inc,Monitor,1,143.13,143.13,West,Jane Smith
ORD-0018,2023-04-01,Small Business,Monitor,5,546.05,2730.25,North,Charlie Wilson
ORD-0019,2023-12-30,Global Industries,Webcam,7,994.97,6964.79,Central,Bob Johnson
ORD-0020,2023-05-14,XYZ Inc,Headphones,10,839.56,8395.599999999999,North,Charlie Wilson
ORD-0021,2023-12-17,Mega Corp,Tablet,9,398.39,3585.5099999999998,North,Bob Johnson
ORD-0022,2023-11-01,Enterprise Ltd,Webcam,7,142.29,996.03,South,Alice Brown
ORD-0023,2023-05-10,Global Industries,Phone,2,831.0,1662.0,West,Jane Smith
ORD-0024,2023-11-01,Tech Solutions,Mouse,4,631.32,2525.28,North,Alice Brown
ORD-0025,2023-07-25,Enterprise Ltd,Tablet,7,629.17,4404.19,East,Alice Brown
ORD-0026,2023-11-29,XYZ Inc,Keyboard,6,150.43,902.58,West,Jane Smith
ORD-0027,2023-06-04,Global Industries,Tablet,2,653.59,1307.18,West,Charlie Wilson
ORD-0028,2023-06-05,Global Industries,Tablet,2,408.31,816.62,North,Bob Johnson
ORD-0029,2023-12-18,Mega Corp,Monitor,10,896.57,8965.7,North,Alice Brown
ORD-0030,2023-08-01,Enterprise Ltd,Webcam,6,448.18,2689.08,North,Charlie Wilson
ORD-0031,2023-06-08,Acme Corp,Laptop,7,180.71,1264.97,West,Bob Johnson
ORD-0032,2023-01-24,Tech Solutions,Webcam,9,57.11,513.99,West,Bob Johnson
ORD-0033,2023-01-23,Mega Corp,Mouse,8,175.08,1400.64,Central,Alice Brown
ORD-0034,2023-04-09,Startup Co,Mouse,6,328.58,1971.48,East,Jane Smith
ORD-0035,2023-10-26,Global Industries,Tablet,5,255.52,1277.6000000000001,East,Alice Brown
ORD-0036,2023-07-16,Startup Co,Laptop,9,655.73,5901.57,North,Charlie Wilson
ORD-0037,2023-08-24,Enterprise Ltd,Laptop,7,608.58,4260.06,North,Jane Smith
ORD-0038,2023-05-30,Small Business,Webcam,9,142.56,1283.04,South,Bob Johnson
ORD-0039,2023-01-23,Mega Corp,Monitor,4,980.34,3921.36,East,Alice Brown
ORD-0040,2023-03-31,Enterprise Ltd,Keyboard,4,811.35,3245.4,West,Alice Brown
ORD-0041,2023-10-07,Small Business,Laptop,9,563.96,5075.64,North,Bob Johnson
ORD-0042,2023-07-13,Acme Corp,Webcam,8,289.51,2316.08,North,Bob Johnson
ORD-0043,2023-08-29,Enterprise Ltd,Keyboard,7,326.43,2285.01,West,Bob Johnson
ORD-0044,2023-10-06,XYZ Inc,Laptop,8,470.29,3762.32,South,Bob Johnson
ORD-0045,2023-12-26,Enterprise Ltd,Monitor,7,953.01,6671.07,East,John Doe
ORD-0046,2023-04-28,Small Business,Webcam,9,732.58,6593.22,West,Bob Johnson
ORD-0047,2023-12-19,Tech Solutions,Monitor,1,453.75,453.75,West,Jane Smith
ORD-0048,2023-11-26,Mega Corp,Monitor,10,26.73,267.3,South,Alice Brown
ORD-0049,2023-06-27,Small Business,Monitor,4,216.31,865.24,West,Charlie Wilson
ORD-0050,2023-07-10,Startup Co,Laptop,9,991.95,8927.550000000001,South,Jane Smith
ORD-0051,2023-10-17,XYZ Inc,Laptop,3,823.61,2470.83,South,John Doe
ORD-0052,2023-07-21,Mega Corp,Tablet,2,433.69,867.38,East,Alice Brown
ORD-0053,2023-03-10,Startup Co,Mouse,1,336.93,336.93,East,Charlie Wilson
ORD-0054,2023-05-12,Tech Solutions,Headphones,3,522.99,1568.97,East,John Doe
ORD-0055,2023-04-26,Startup Co,Headphones,10,575.77,5757.7,Central,John Doe
ORD-0056,2023-06-10,Mega Corp,Webcam,5,581.15,2905.75,East,Jane Smith
ORD-0057,2023-09-18,Small Business,Keyboard,10,61.2,612.0,West,Bob Johnson
ORD-0058,2023-09-28,Tech Solutions,Monitor,8,746.32,5970.56,East,John Doe
ORD-0059,2023-01-30,Acme Corp,Monitor,6,706.05,4236.299999999999,East,Alice Brown
ORD-0060,2023-02-01,Small Business,Phone,4,405.02,1620.08,East,Alice Brown
ORD-0061,2023-07-22,Global Industries,Tablet,6,181.07,1086.42,North,Bob Johnson
ORD-0062,2023-07-17,Mega Corp,Tablet,3,827.45,2482.3500000000004,North,John Doe
ORD-0063,2023-04-25,Global Industries,Laptop,1,87.61,87.61,South,John Doe
ORD-0064,2023-06-26,Acme Corp,Monitor,1,479.37,479.37,South,Charlie Wilson
ORD-0065,2023-07-09,Enterprise Ltd,Phone,8,430.05,3440.4,Central,Alice Brown
ORD-0066,2023-09-15,Acme Corp,Webcam,3,940.92,2822.7599999999998,West,John Doe
ORD-0067,2023-11-22,Acme Corp,Laptop,10,926.07,9260.7,South,Jane Smith
ORD-0068,2023-01-11,Enterprise Ltd,Tablet,4,596.05,2384.2,South,Charlie Wilson
ORD-0069,2023-12-14,Enterprise Ltd,Webcam,5,722.41,3612.0499999999997,South,Alice Brown
ORD-0070,2023-07-07,Global Industries,Phone,7,727.97,5095.79,West,Jane Smith
ORD-0071,2023-03-21,Global Industries,Keyboard,5,151.58,757.9000000000001,Central,Jane Smith
ORD-0072,2023-04-14,Mega Corp,Mouse,2,373.0,746.0,East,John Doe
ORD-0073,2023-10-13,XYZ Inc,Mouse,5,743.38,3716.9,East,Charlie Wilson
ORD-0074,2023-06-11,Small Business,Tablet,7,113.22,792.54,South,Jane Smith
ORD-0075,2023-10-24,Tech Solutions,Headphones,7,197.47,1382.29,West,John Doe
ORD-0076,2023-09-09,Global Industries,Phone,7,401.77,2812.39,East,Alice Brown
ORD-0077,2023-03-20,Startup Co,Mouse,5,523.35,2616.75,South,Jane Smith
ORD-0078,2023-06-05,Global Industries,Laptop,6,768.5,4611.0,East,Bob Johnson
ORD-0079,2023-01-29,Mega Corp,Monitor,1,851.7,851.7,West,Jane Smith
ORD-0080,2023-11-02,Small Business,Webcam,9,865.53,7789.7699999999995,South,Bob Johnson
ORD-0081,2023-12-02,Acme Corp,Laptop,2,619.67,1239.34,Central,Charlie Wilson
ORD-0082,2023-01-21,Tech Solutions,Headphones,2,921.45,1842.9,West,Charlie Wilson
ORD-0083,2023-09-26,Acme Corp,Laptop,4,668.06,2672.24,West,Bob Johnson
ORD-0084,2023-12-12,Global Industries,Mouse,8,480.87,3846.96,North,Jane Smith
ORD-0085,2023-01-12,Global Industries,Laptop,10,290.03,2900.2999999999997,Central,Charlie Wilson
ORD-0086,2023-06-19,Global Industries,Keyboard,1,238.61,238.61,North,Alice Brown
ORD-0087,2023-03-28,Startup Co,Webcam,3,220.3,660.9000000000001,Central,Charlie Wilson
ORD-0088,2023-04-13,Enterprise Ltd,Headphones,5,375.65,1878.25,East,Jane Smith
ORD-0089,2023-05-22,Global Industries,Mouse,10,423.22,4232.200000000001,East,Charlie Wilson
ORD-0090,2023-10-26,Mega Corp,Tablet,1,461.6,461.6,East,Alice Brown
ORD-0091,2023-08-03,Global Industries,Laptop,10,492.11,4921.1,West,Jane Smith
ORD-0092,2023-02-06,Enterprise Ltd,Phone,3,652.68,1958.04,Central,Charlie Wilson
ORD-0093,2023-05-13,Acme Corp,Monitor,2,616.15,1232.3,Central,Jane Smith
ORD-0094,2023-05-17,XYZ Inc,Webcam,7,469.67,3287.69,Central,Bob Johnson
ORD-0095,2023-11-19,Acme Corp,Laptop,5,205.04,1025.2,South,John Doe
ORD-0096,2023-06-30,Small Business,Mouse,4,401.9,1607.6,North,Bob Johnson
ORD-0097,2023-10-30,Small Business,Monitor,9,77.2,694.8000000000001,South,Jane Smith
ORD-0098,2023-11-15,XYZ Inc,Tablet,4,236.31,945.24,Central,Alice Brown
ORD-0099,2023-08-24,Acme Corp,Headphones,8,840.87,6726.96,West,John Doe
ORD-0100,2023-07-19,XYZ Inc,Monitor,2,933.11,1866.22,North,Charlie Wilson
ORD-0101,2023-12-01,Mega Corp,Tablet,3,490.68,1472.04,West,Bob Johnson
ORD-0102,2023-05-19,Enterprise Ltd,Headphones,1,484.8,484.8,Central,Bob Johnson
ORD-0103,2023-04-08,Tech Solutions,Mouse,2,798.49,1596.98,South,Charlie Wilson
ORD-0104,2023-06-30,Mega Corp,Webcam,1,410.42,410.42,South,Alice Brown
ORD-0105,2023-03-20,Enterprise Ltd,Phone,4,326.63,1306.52,Central,Charlie Wilson
ORD-0106,2023-09-24,Tech Solutions,Mouse,6,134.09,804.54,Central,Jane Smith
ORD-0107,2023-11-27,XYZ Inc,Headphones,3,714.82,2144.46,West,John Doe
ORD-0108,2023-11-28,Mega Corp,Mouse,6,710.62,4263.72,West,Bob Johnson
ORD-0109,2023-05-31,Enterprise Ltd,Phone,3,856.46,2569.38,East,Alice Brown
ORD-0110,2023-04-09,Enterprise Ltd,Tablet,3,243.32,729.96,North,Bob Johnson
ORD-0111,2023-10-25,Mega Corp,Phone,4,377.83,1511.32,East,Charlie Wilson
ORD-0112,2023-10-13,XYZ Inc,Tablet,1,970.45,970.45,North,Jane Smith
ORD-0113,2023-12-09,Mega Corp,Laptop,4,981.12,3924.48,Central,Alice Brown
ORD-0114,2023-07-25,Small Business,Monitor,2,778.39,1556.78,Central,Alice Brown
ORD-0115,2023-11-26,Small Business,Tablet,5,186.61,933.0500000000001,Central,Bob Johnson
ORD-0116,2023-04-24,XYZ Inc,Monitor,8,846.48,6771.84,North,John Doe
ORD-0117,2023-07-09,Startup Co,Monitor,4,811.38,3245.52,West,John Doe
ORD-0118,2023-03-30,Enterprise Ltd,Monitor,3,508.36,1525.08,North,Jane Smith
ORD-0119,2023-03-05,Acme Corp,Webcam,4,893.61,3574.44,West,Alice Brown
ORD-0120,2023-06-14,Acme Corp,Laptop,1,413.92,413.92,West,Jane Smith
ORD-0121,2023-12-25,Mega Corp,Tablet,3,13.16,39.480000000000004,West,Charlie Wilson
ORD-0122,2023-06-21,Startup Co,Webcam,4,894.17,3576.68,South,Jane Smith
ORD-0123,2023-07-15,Enterprise Ltd,Laptop,6,894.03,5364.18,South,Jane Smith
ORD-0124,2023-05-23,Small Business,Phone,7,493.69,3455.83,East,John Doe
ORD-0125,2023-08-23,Tech Solutions,Phone,1,291.4,291.4,West,Charlie Wilson
ORD-0126,2023-11-16,Enterprise Ltd,Headphones,7,378.39,2648.73,Central,Charlie Wilson
ORD-0127,2023-11-16,Enterprise Ltd,Phone,4,442.31,1769.24,East,John Doe
ORD-0128,2023-12-06,Global Industries,Headphones,7,233.37,1633.5900000000001,South,Charlie Wilson
ORD-0129,2023-05-23,Enterprise Ltd,Mouse,10,975.79,9757.9,West,Charlie Wilson
ORD-0130,2023-05-02,Global Industries,Headphones,1,344.87,344.87,East,Bob Johnson
ORD-0131,2023-06-30,Mega Corp,Mouse,5,564.0,2820.0,Central,Charlie Wilson
ORD-0132,2023-07-21,Mega Corp,Mouse,3,558.68,1676.04,West,Jane Smith
ORD-0133,2023-07-28,Small Business,Keyboard,3,993.01,2979.0299999999997,Central,Charlie Wilson
ORD-0134,2023-08-22,Mega Corp,Phone,2,442.31,884.62,East,Alice Brown
ORD-0135,2023-01-25,XYZ Inc,Keyboard,4,684.91,2739.64,East,Alice Brown
ORD-0136,2023-04-26,Startup Co,Headphones,2,478.58,957.16,Central,Alice Brown
ORD-0137,2023-12-16,Mega Corp,Tablet,9,959.45,8635.050000000001,South,Alice Brown
ORD-0138,2023-11-04,Global Industries,Mouse,3,167.29,501.87,Central,John Doe
ORD-0139,2023-08-30,Acme Corp,Headphones,9,543.2,4888.8,Central,Alice Brown
ORD-0140,2023-04-21,XYZ Inc,Monitor,1,709.67,709.67,Central,Alice Brown
ORD-0141,2023-02-14,Small Business,Tablet,8,87.73,701.84,North,Bob Johnson
ORD-0142,2023-03-19,Startup Co,Laptop,3,153.09,459.27,East,John Doe
ORD-0143,2023-12-29,Tech Solutions,Tablet,8,750.19,6001.52,North,Bob Johnson
ORD-0144,2023-12-29,Enterprise Ltd,Laptop,6,754.53,4527.18,North,Alice Brown
ORD-0145,2023-11-03,Global Industries,Monitor,8,459.04,3672.32,South,John Doe
ORD-0146,2023-06-27,Global Industries,Webcam,5,125.16,625.8,South,Jane Smith
ORD-0147,2023-05-06,Enterprise Ltd,Keyboard,3,26.67,80.01,Central,Charlie Wilson
ORD-0148,2023-02-27,Global Industries,Monitor,4,151.55,606.2,West,Charlie Wilson
ORD-0149,2023-08-10,XYZ Inc,Tablet,5,883.79,4418.95,Central,Bob Johnson
ORD-0150,2023-11-29,Tech Solutions,Webcam,1,798.39,798.39,South,Bob Johnson
ORD-0151,2023-11-04,Mega Corp,Laptop,4,216.32,865.28,West,John Doe
ORD-0152,2023-01-28,XYZ Inc,Phone,1,712.89,712.89,West,Bob Johnson
ORD-0153,2023-04-30,Small Business,Monitor,3,618.48,1855.44,North,Charlie Wilson
ORD-0154,2023-07-01,Startup Co,Keyboard,9,886.31,7976.789999999999,West,Bob Johnson
ORD-0155,2023-03-11,Enterprise Ltd,Tablet,7,52.38,366.66,West,Charlie Wilson
ORD-0156,2023-09-12,Enterprise Ltd,Headphones,4,890.61,3562.44,Central,Jane Smith
ORD-0157,2023-08-27,XYZ Inc,Laptop,5,739.78,3698.8999999999996,North,Bob Johnson
ORD-0158,2023-01-16,Mega Corp,Headphones,7,465.13,3255.91,North,Jane Smith
ORD-0159,2023-12-28,Mega Corp,Mouse,3,540.45,1621.3500000000001,East,Alice Brown
ORD-0160,2023-09-01,Small Business,Webcam,6,237.45,1424.6999999999998,East,Jane Smith
ORD-0161,2023-03-03,Startup Co,Webcam,5,790.73,3953.65,East,Jane Smith
ORD-0162,2023-11-23,Global Industries,Mouse,6,268.89,1613.34,West,Alice Brown
ORD-0163,2023-03-19,Acme Corp,Keyboard,8,520.95,4167.6,South,Alice Brown
ORD-0164,2023-06-11,Global Industries,Monitor,3,853.46,2560.38,East,John Doe
ORD-0165,2023-11-26,Tech Solutions,Phone,8,564.77,4518.16,East,Jane Smith
ORD-0166,2023-01-23,Mega Corp,Keyboard,6,556.14,3336.84,Central,John Doe
ORD-0167,2023-01-25,Global Industries,Laptop,6,560.5,3363.0,South,John Doe
ORD-0168,2023-08-07,Enterprise Ltd,Webcam,4,983.62,3934.48,Central,Charlie Wilson
ORD-0169,2023-05-25,Tech Solutions,Tablet,3,714.86,2144.58,Central,Bob Johnson
ORD-0170,2023-03-01,Startup Co,Tablet,10,383.36,3833.6000000000004,East,Charlie Wilson
ORD-0171,2023-12-06,Mega Corp,Keyboard,1,193.18,193.18,West,Bob Johnson
ORD-0172,2023-10-09,Global Industries,Webcam,5,260.31,1301.55,Central,Jane Smith
ORD-0173,2023-10-09,Mega Corp,Monitor,7,19.4,135.79999999999998,East,Charlie Wilson
ORD-0174,2023-02-24,Tech Solutions,Tablet,7,877.25,6140.75,North,Charlie Wilson
ORD-0175,2023-03-20,Mega Corp,Webcam,10,476.72,4767.200000000001,South,Charlie Wilson
ORD-0176,2023-08-12,Mega Corp,Keyboard,7,174.64,1222.48,South,John Doe
ORD-0177,2023-07-11,Mega Corp,Mouse,4,777.24,3108.96,South,Alice Brown
ORD-0178,2023-07-21,XYZ Inc,Tablet,4,717.82,2871.28,North,John Doe
ORD-0179,2023-07-10,Enterprise Ltd,Tablet,5,971.12,4855.6,South,Jane Smith
ORD-0180,2023-04-24,XYZ Inc,Mouse,3,45.12,135.35999999999999,West,Jane Smith
ORD-0181,2023-02-16,XYZ Inc,Webcam,6,10.21,61.260000000000005,South,Alice Brown
ORD-0182,2023-04-06,Enterprise Ltd,Mouse,1,554.11,554.11,East,Alice Brown
ORD-0183,2023-06-29,Startup Co,Webcam,6,43.92,263.52,South,Bob Johnson
ORD-0184,2023-06-05,Small Business,Keyboard,8,703.23,5625.84,Central,Alice Brown
ORD-0185,2023-06-08,Small Business,Keyboard,1,12.5,12.5,Central,Jane Smith
ORD-0186,2023-01-18,Tech Solutions,Mouse,1,832.85,832.85,East,Charlie Wilson
ORD-0187,2023-08-31,Startup Co,Headphones,10,813.35,8133.5,South,Bob Johnson
ORD-0188,2023-01-30,Global Industries,Mouse,2,461.19,922.38,West,Alice Brown
ORD-0189,2023-10-23,Small Business,Mouse,4,504.81,2019.24,Central,Charlie Wilson
ORD-0190,2023-08-02,Enterprise Ltd,Phone,10,274.16,2741.6000000000004,West,Bob Johnson
ORD-0191,2023-02-09,Global Industries,Tablet,1,927.99,927.99,East,Jane Smith
ORD-0192,2023-08-10,Global Industries,Phone,3,742.78,2228.34,Central,Jane Smith
ORD-0193,2023-10-12,Startup Co,Laptop,6,581.36,3488.16,East,Charlie Wilson
ORD-0194,2023-07-26,Startup Co,Headphones,8,866.89,6935.12,East,Alice Brown
ORD-0195,2023-10-29,Global Industries,Mouse,7,430.67,3014.69,East,Bob Johnson
ORD-0196,2023-06-10,Acme Corp,Mouse,9,973.8,8764.199999999999,North,John Doe
ORD-0197,2023-07-17,Acme Corp,Phone,2,907.95,1815.9,East,Jane Smith
ORD-0198,2023-05-01,Small Business,Webcam,8,787.18,6297.44,South,Alice Brown
ORD-0199,2023-12-08,Acme Corp,Monitor,6,451.25,2707.5,West,Alice Brown
ORD-0200,2023-02-03,Enterprise Ltd,Monitor,3,813.09,2439.27,West,Alice Brown
ORD-0201,2023-05-21,Startup Co,Monitor,9,184.31,1658.79,Central,Jane Smith
ORD-0202,2023-12-13,Mega Corp,Phone,5,590.96,2954.8,North,Alice Brown
ORD-0203,2023-11-16,Small Business,Mouse,10,635.17,6351.7,Central,Alice Brown
ORD-0204,2023-05-15,Global Industries,Phone,6,630.96,3785.76,West,Charlie Wilson
ORD-0205,2023-12-13,XYZ Inc,Tablet,5,626.27,3131.35,East,Alice Brown
ORD-0206,2023-08-16,Small Business,Tablet,10,837.08,8370.800000000001,South,John Doe
ORD-0207,2023-09-18,Enterprise Ltd,Laptop,7,197.07,1379.49,South,Jane Smith
ORD-0208,2023-04-14,XYZ Inc,Phone,6,411.41,2468.46,West,Jane Smith
ORD-0209,2023-01-30,Startup Co,Monitor,1,148.4,148.4,South,John Doe
ORD-0210,2023-12-25,Startup Co,Phone,4,955.69,3822.76,Central,Jane Smith
ORD-0211,2023-06-10,Tech Solutions,Tablet,9,323.41,2910.69,South,Bob Johnson
ORD-0212,2023-07-27,XYZ Inc,Monitor,1,781.21,781.21,South,Charlie Wilson
ORD-0213,2023-09-19,Startup Co,Webcam,3,366.74,1100.22,North,Alice Brown
ORD-0214,2023-03-15,XYZ Inc,Tablet,1,869.99,869.99,East,Alice Brown
ORD-0215,2023-04-24,Acme Corp,Headphones,5,963.65,4818.25,East,Jane Smith
ORD-0216,2023-05-11,Startup Co,Mouse,9,260.99,2348.91,East,Alice Brown
ORD-0217,2023-11-10,Tech Solutions,Headphones,6,180.6,1083.6,North,Bob Johnson
ORD-0218,2023-09-08,Startup Co,Monitor,8,335.76,2686.08,South,Bob Johnson
ORD-0219,2023-08-12,XYZ Inc,Monitor,1,520.98,520.98,East,Bob Johnson
ORD-0220,2023-11-17,Mega Corp,Keyboard,8,889.03,7112.24,Central,John Doe
ORD-0221,2023-03-24,Global Industries,Keyboard,7,86.21,603.4699999999999,East,Alice Brown
ORD-0222,2023-08-12,XYZ Inc,Keyboard,4,497.32,1989.28,North,John Doe
ORD-0223,2023-06-16,Enterprise Ltd,Webcam,8,665.77,5326.16,North,Charlie Wilson
ORD-0224,2023-07-28,Tech Solutions,Laptop,3,706.16,2118.48,West,John Doe
ORD-0225,2023-10-28,Mega Corp,Monitor,7,525.04,3675.2799999999997,Central,Alice Brown
ORD-0226,2023-05-25,XYZ Inc,Headphones,8,43.68,349.44,Central,Alice Brown
ORD-0227,2023-12-20,Acme Corp,Phone,10,651.7,6517.0,East,John Doe
ORD-0228,2023-01-20,Acme Corp,Webcam,6,483.22,2899.32,Central,Charlie Wilson
ORD-0229,2023-05-17,XYZ Inc,Laptop,8,622.0,4976.0,East,Charlie Wilson
ORD-0230,2023-05-16,Enterprise Ltd,Webcam,8,183.97,1471.76,West,Bob Johnson
ORD-0231,2023-03-17,XYZ Inc,Webcam,6,786.36,4718.16,Central,Charlie Wilson
ORD-0232,2023-12-16,Mega Corp,Laptop,5,622.16,3110.7999999999997,East,Jane Smith
ORD-0233,2023-06-08,Startup Co,Keyboard,1,855.34,855.34,North,John Doe
ORD-0234,2023-04-22,Mega Corp,Laptop,9,844.87,7603.83,East,John Doe
ORD-0235,2023-11-11,Mega Corp,Tablet,1,344.66,344.66,North,Charlie Wilson
ORD-0236,2023-01-14,Mega Corp,Headphones,5,494.07,2470.35,South,Charlie Wilson
ORD-0237,2023-03-13,Startup Co,Mouse,10,385.38,3853.8,West,Bob Johnson
ORD-0238,2023-01-07,Enterprise Ltd,Headphones,5,331.68,1658.4,East,Charlie Wilson
ORD-0239,2023-05-01,Startup Co,Phone,3,298.13,894.39,North,Bob Johnson
ORD-0240,2023-09-19,Tech Solutions,Tablet,10,985.16,9851.6,Central,Jane Smith
ORD-0241,2023-05-09,Tech Solutions,Monitor,7,547.49,3832.4300000000003,Central,John Doe
ORD-0242,2023-02-12,Global Industries,Laptop,10,352.97,3529.7000000000003,West,Charlie Wilson
ORD-0243,2023-11-20,Global Industries,Webcam,9,403.68,3633.12,North,Bob Johnson
ORD-0244,2023-06-19,Global Industries,Monitor,9,647.01,5823.09,West,John Doe
ORD-0245,2023-04-11,XYZ Inc,Mouse,7,704.25,4929.75,East,Bob Johnson
ORD-0246,2023-10-20,Global Industries,Headphones,4,402.68,1610.72,South,John Doe
ORD-0247,2023-07-30,Tech Solutions,Headphones,2,616.72,1233.44,North,Charlie Wilson
ORD-0248,2023-06-01,Mega Corp,Keyboard,6,445.55,2673.3,East,John Doe
ORD-0249,2023-02-18,Small Business,Headphones,10,214.94,2149.4,Central,Alice Brown
ORD-0250,2023-05-13,Acme Corp,Tablet,10,551.8,5518.0,South,Alice Brown
ORD-0251,2023-07-28,Acme Corp,Laptop,5,276.07,1380.35,East,John Doe
ORD-0252,2023-10-05,Small Business,Monitor,7,709.83,4968.81,North,John Doe
ORD-0253,2023-04-01,Tech Solutions,Keyboard,3,256.19,768.5699999999999,West,Jane Smith
ORD-0254,2023-02-20,Acme Corp,Phone,2,901.84,1803.68,Central,Bob Johnson
ORD-0255,2023-10-03,Tech Solutions,Phone,9,662.97,5966.7300000000005,East,Bob Johnson
ORD-0256,2023-02-12,Acme Corp,Tablet,8,935.53,7484.24,Central,John Doe
ORD-0257,2023-07-19,XYZ Inc,Laptop,2,713.8,1427.6,Central,Jane Smith
ORD-0258,2023-03-01,Tech Solutions,Monitor,9,533.89,4805.01,South,Jane Smith
ORD-0259,2023-02-28,Acme Corp,Mouse,7,834.65,5842.55,South,Jane Smith
ORD-0260,2023-10-15,Mega Corp,Laptop,8,872.34,6978.72,Central,Bob Johnson
ORD-0261,2023-01-04,Startup Co,Keyboard,4,248.47,993.88,East,John Doe
ORD-0262,2023-03-03,XYZ Inc,Laptop,8,423.82,3390.56,North,John Doe
ORD-0263,2023-04-29,Tech Solutions,Tablet,3,103.82,311.46,West,Bob Johnson
ORD-0264,2023-10-25,Small Business,Keyboard,4,334.7,1338.8,East,Charlie Wilson
ORD-0265,2023-01-20,Acme Corp,Tablet,8,263.85,2110.8,East,Jane Smith
ORD-0266,2023-03-07,Global Industries,Phone,3,522.27,1566.81,North,Bob Johnson
ORD-0267,2023-09-12,Enterprise Ltd,Mouse,3,965.7,2897.1000000000004,West,Jane Smith
ORD-0268,2023-05-16,Acme Corp,Mouse,4,503.1,2012.4,East,Charlie Wilson
ORD-0269,2023-01-26,Tech Solutions,Laptop,9,178.23,1604.07,West,John Doe
ORD-0270,2023-01-25,Mega Corp,Laptop,5,144.41,722.05,South,Alice Brown
ORD-0271,2023-03-08,Small Business,Laptop,3,562.65,1687.9499999999998,East,John Doe
ORD-0272,2023-11-30,Global Industries,Laptop,5,597.35,2986.75,South,Alice Brown
ORD-0273,2023-08-14,Tech Solutions,Phone,2,148.9,297.8,East,Alice Brown
ORD-0274,2023-06-30,Small Business,Laptop,6,237.76,1426.56,East,Charlie Wilson
ORD-0275,2023-02-28,Enterprise Ltd,Phone,4,155.32,621.28,North,Alice Brown
ORD-0276,2023-08-08,Enterprise Ltd,Laptop,10,978.8,9788.0,Central,John Doe
ORD-0277,2023-01-11,Global Industries,Keyboard,2,136.15,272.3,East,Charlie Wilson
ORD-0278,2023-09-19,Global Industries,Mouse,3,784.55,2353.6499999999996,West,Jane Smith
ORD-0279,2023-06-23,Acme Corp,Monitor,2,210.4,420.8,South,Jane Smith
ORD-0280,2023-07-18,Startup Co,Phone,9,82.49,742.41,West,Jane Smith
ORD-0281,2023-03-10,Enterprise Ltd,Laptop,2,536.01,1072.02,Central,John Doe
ORD-0282,2023-06-29,Tech Solutions,Mouse,6,518.01,3108.06,East,Charlie Wilson
ORD-0283,2023-09-18,Global Industries,Laptop,5,335.1,1675.5,South,Alice Brown
ORD-0284,2023-02-26,Acme Corp,Phone,4,879.37,3517.48,South,Alice Brown
ORD-0285,2023-08-05,Tech Solutions,Phone,5,786.91,3934.5499999999997,West,Alice Brown
ORD-0286,2023-02-02,Startup Co,Phone,10,380.27,3802.7,East,Jane Smith
ORD-0287,2023-08-21,Tech Solutions,Mouse,5,861.71,4308.55,Central,John Doe
ORD-0288,2023-04-08,Global Industries,Headphones,1,685.29,685.29,North,Charlie Wilson
ORD-0289,2023-11-02,XYZ Inc,Mouse,3,753.34,2260.02,Central,John Doe
ORD-0290,2023-12-24,Enterprise Ltd,Webcam,3,583.42,1750.2599999999998,East,Charlie Wilson
ORD-0291,2023-09-03,XYZ Inc,Mouse,4,464.73,1858.92,Central,Charlie Wilson
ORD-0292,2023-08-26,Acme Corp,Monitor,8,273.31,2186.48,East,Charlie Wilson
ORD-0293,2023-07-04,Mega Corp,Headphones,7,831.98,5823.860000000001,Central,John Doe
ORD-0294,2023-01-19,Acme Corp,Keyboard,2,669.95,1339.9,East,Charlie Wilson
ORD-0295,2023-05-07,Startup Co,Webcam,1,133.04,133.04,East,Alice Brown
ORD-0296,2023-02-04,Small Business,Headphones,10,321.16,3211.6000000000004,West,Charlie Wilson
ORD-0297,2023-05-01,XYZ Inc,Monitor,6,106.52,639.12,West,Jane Smith
ORD-0298,2023-08-27,Small Business,Keyboard,6,280.08,1680.48,North,Charlie Wilson
ORD-0299,2023-06-21,Startup Co,Monitor,3,364.96,1094.8799999999999,Central,Charlie Wilson
ORD-0300,2023-12-09,Acme Corp,Keyboard,5,192.94,964.7,North,Bob Johnson
ORD-0301,2023-08-23,Global Industries,Laptop,2,816.09,1632.18,Central,Jane Smith
ORD-0302,2023-03-13,Global Industries,Laptop,1,141.36,141.36,South,Jane Smith
ORD-0303,2023-12-17,XYZ Inc,Tablet,10,477.15,4771.5,Central,Alice Brown
ORD-0304,2023-06-29,XYZ Inc,Keyboard,2,137.27,274.54,South,Jane Smith
ORD-0305,2023-10-05,Global Industries,Webcam,8,680.94,5447.52,East,Bob Johnson
ORD-0306,2023-07-21,Mega Corp,Headphones,7,159.01,1113.07,South,Alice Brown
ORD-0307,2023-11-29,Acme Corp,Phone,8,203.14,1625.12,North,Alice Brown
ORD-0308,2023-04-27,Global Industries,Laptop,1,116.66,116.66,West,Jane Smith
ORD-0309,2023-07-16,Mega Corp,Laptop,9,505.93,4553.37,East,Alice Brown
ORD-0310,2023-09-13,Startup Co,Mouse,4,455.72,1822.88,West,John Doe
ORD-0311,2023-10-04,Startup Co,Laptop,1,47.69,47.69,Central,Charlie Wilson
ORD-0312,2023-01-23,Tech Solutions,Phone,4,515.4,2061.6,East,Bob Johnson
ORD-0313,2023-09-13,XYZ Inc,Phone,9,856.04,7704.36,East,Charlie Wilson
ORD-0314,2023-08-27,Global Industries,Phone,3,197.81,593.4300000000001,North,John Doe
ORD-0315,2023-11-05,Enterprise Ltd,Keyboard,3,733.24,2199.7200000000003,North,Jane Smith
ORD-0316,2023-11-08,XYZ Inc,Headphones,10,114.43,1144.3000000000002,South,Alice Brown
ORD-0317,2023-02-17,Startup Co,Phone,6,995.34,5972.04,South,Bob Johnson
ORD-0318,2023-12-24,Tech Solutions,Laptop,8,803.73,6429.84,North,John Doe
ORD-0319,2023-12-13,Small Business,Webcam,5,397.57,1987.85,South,Bob Johnson
ORD-0320,2023-02-24,Mega Corp,Headphones,1,521.01,521.01,North,Alice Brown
ORD-0321,2023-03-26,Tech Solutions,Tablet,8,929.79,7438.32,South,Alice Brown
ORD-0322,2023-04-14,Enterprise Ltd,Phone,5,885.17,4425.849999999999,South,Charlie Wilson
ORD-0323,2023-12-22,Enterprise Ltd,Keyboard,8,958.82,7670.56,North,Alice Brown
ORD-0324,2023-09-19,Enterprise Ltd,Monitor,9,196.56,1769.04,Central,Bob Johnson
ORD-0325,2023-03-05,Small Business,Laptop,7,67.74,474.17999999999995,Central,Alice Brown
ORD-0326,2023-08-09,Acme Corp,Mouse,8,59.66,477.28,Central,Bob Johnson
ORD-0327,2023-04-17,Acme Corp,Phone,8,833.26,6666.08,South,Alice Brown
ORD-0328,2023-01-03,Tech Solutions,Headphones,1,854.27,854.27,East,Alice Brown
ORD-0329,2023-04-02,Mega Corp,Mouse,4,417.66,1670.64,North,Bob Johnson
ORD-0330,2023-09-03,Acme Corp,Keyboard,10,620.95,6209.5,West,Charlie Wilson
ORD-0331,2023-11-01,Enterprise Ltd,Tablet,2,639.47,1278.94,East,Alice Brown
ORD-0332,2023-07-30,Acme Corp,Phone,10,207.14,2071.3999999999996,West,Alice Brown
ORD-0333,2023-07-10,Global Industries,Laptop,5,419.5,2097.5,West,John Doe
ORD-0334,2023-04-25,Acme Corp,Tablet,7,376.65,2636.5499999999997,East,John Doe
ORD-0335,2023-12-30,Global Industries,Webcam,10,290.82,2908.2,East,Charlie Wilson
ORD-0336,2023-07-31,Global Industries,Monitor,3,518.43,1555.29,North,Bob Johnson
ORD-0337,2023-11-30,Small Business,Mouse,9,985.21,8866.89,Central,Jane Smith
ORD-0338,2023-07-11,XYZ Inc,Monitor,4,57.1,228.4,West,John Doe
ORD-0339,2023-03-02,Small Business,Tablet,7,794.02,5558.139999999999,North,Bob Johnson
ORD-0340,2023-11-16,Enterprise Ltd,Mouse,9,562.22,5059.9800000000005,Central,Bob Johnson
ORD-0341,2023-04-03,Startup Co,Laptop,9,286.6,2579.4,North,Alice Brown
ORD-0342,2023-10-06,Startup Co,Tablet,7,487.27,3410.89,West,John Doe
ORD-0343,2023-12-15,Global Industries,Tablet,6,695.32,4171.92,East,Jane Smith
ORD-0344,2023-02-13,Mega Corp,Mouse,3,205.81,617.4300000000001,West,John Doe
ORD-0345,2023-05-09,XYZ Inc,Laptop,5,264.82,1324.1,Central,Jane Smith
ORD-0346,2023-09-05,Global Industries,Headphones,8,157.31,1258.48,West,John Doe
ORD-0347,2023-04-06,Small Business,Headphones,5,737.55,3687.75,East,Charlie Wilson
ORD-0348,2023-09-24,Small Business,Webcam,2,157.62,315.24,North,Charlie Wilson
ORD-0349,2023-03-15,Small Business,Mouse,5,457.34,2286.7,North,Bob Johnson
ORD-0350,2023-09-12,Small Business,Laptop,10,239.16,2391.6,South,Bob Johnson
ORD-0351,2023-10-19,Global Industries,Phone,9,577.2,5194.8,South,John Doe
ORD-0352,2023-10-01,Startup Co,Headphones,8,554.58,4436.64,Central,Alice Brown
ORD-0353,2023-10-17,Startup Co,Headphones,9,877.88,7900.92,Central,Charlie Wilson
ORD-0354,2023-02-25,Acme Corp,Headphones,1,962.67,962.67,West,Charlie Wilson
ORD-0355,2023-09-02,Startup Co,Webcam,7,524.58,3672.0600000000004,Central,Bob Johnson
ORD-0356,2023-02-28,XYZ Inc,Phone,10,745.36,7453.6,Central,John Doe
ORD-0357,2023-06-10,Enterprise Ltd,Tablet,6,674.08,4044.4800000000005,South,Charlie Wilson
ORD-0358,2023-02-23,XYZ Inc,Tablet,7,393.23,2752.61,West,Charlie Wilson
ORD-0359,2023-04-06,Small Business,Keyboard,10,632.87,6328.7,Central,Charlie Wilson
ORD-0360,2023-12-18,XYZ Inc,Webcam,1,783.38,783.38,South,John Doe
ORD-0361,2023-11-02,Enterprise Ltd,Headphones,1,580.87,580.87,East,Alice Brown
ORD-0362,2023-03-01,Mega Corp,Headphones,1,63.68,63.68,Central,John Doe
ORD-0363,2023-05-30,Enterprise Ltd,Webcam,5,131.85,659.25,South,Charlie Wilson
ORD-0364,2023-10-05,Mega Corp,Monitor,2,144.49,288.98,North,Charlie Wilson
ORD-0365,2023-09-12,Small Business,Phone,6,744.0,4464.0,North,Jane Smith
ORD-0366,2023-11-03,XYZ Inc,Phone,9,821.81,7396.289999999999,East,Alice Brown
ORD-0367,2023-08-10,Startup Co,Keyboard,7,474.72,3323.04,West,Charlie Wilson
ORD-0368,2023-02-08,Acme Corp,Keyboard,5,358.97,1794.8500000000001,West,Jane Smith
ORD-0369,2023-01-13,Global Industries,Headphones,10,707.46,7074.6,North,Charlie Wilson
ORD-0370,2023-01-10,Enterprise Ltd,Keyboard,7,805.53,5638.71,North,Charlie Wilson
ORD-0371,2023-09-29,Acme Corp,Webcam,9,616.16,5545.44,Central,Charlie Wilson
ORD-0372,2023-02-06,XYZ Inc,Tablet,6,196.79,1180.74,South,John Doe
ORD-0373,2023-10-28,Enterprise Ltd,Keyboard,4,360.57,1442.28,West,Jane Smith
ORD-0374,2023-08-19,Enterprise Ltd,Headphones,2,400.84,801.68,West,Charlie Wilson
ORD-0375,2023-11-12,Small Business,Phone,8,907.03,7256.24,West,John Doe
ORD-0376,2023-02-08,Mega Corp,Mouse,2,151.0,302.0,South,John Doe
ORD-0377,2023-01-12,Acme Corp,Mouse,6,620.98,3725.88,South,Bob Johnson
ORD-0378,2023-03-01,Enterprise Ltd,Tablet,3,395.37,1186.1100000000001,West,Jane Smith
ORD-0379,2023-03-23,Enterprise Ltd,Laptop,10,921.49,9214.9,Central,Alice Brown
ORD-0380,2023-07-11,Global Industries,Keyboard,10,503.61,5036.1,West,Bob Johnson
ORD-0381,2023-11-03,Small Business,Monitor,2,968.51,1937.02,East,Bob Johnson
ORD-0382,2023-12-10,XYZ Inc,Mouse,5,191.58,957.9000000000001,East,Charlie Wilson
ORD-0383,2023-07-06,Global Industries,Headphones,5,918.53,4592.65,North,Alice Brown
ORD-0384,2023-03-21,Acme Corp,Phone,1,826.11,826.11,North,John Doe
ORD-0385,2023-08-26,Mega Corp,Phone,5,523.29,2616.45,East,Bob Johnson
ORD-0386,2023-12-24,Mega Corp,Mouse,6,835.04,5010.24,South,Jane Smith
ORD-0387,2023-02-04,Startup Co,Phone,2,496.93,993.86,West,Jane Smith
ORD-0388,2023-10-26,XYZ Inc,Keyboard,8,64.81,518.48,Central,Charlie Wilson
ORD-0389,2023-04-06,Tech Solutions,Webcam,10,238.42,2384.2,East,Alice Brown
ORD-0390,2023-04-09,Tech Solutions,Headphones,8,542.39,4339.12,Central,Bob Johnson
ORD-0391,2023-08-10,Small Business,Monitor,2,31.94,63.88,Central,Jane Smith
ORD-0392,2023-05-07,XYZ Inc,Webcam,9,310.57,2795.13,South,John Doe
ORD-0393,2023-01-28,Enterprise Ltd,Monitor,6,512.48,3074.88,West,Jane Smith
ORD-0394,2023-01-10,Global Industries,Tablet,2,284.76,569.52,West,Bob Johnson
ORD-0395,2023-01-22,XYZ Inc,Keyboard,7,228.87,1602.0900000000001,Central,Bob Johnson
ORD-0396,2023-01-19,Tech Solutions,Webcam,8,899.86,7198.88,North,Bob Johnson
ORD-0397,2023-03-31,Enterprise Ltd,Tablet,3,23.65,70.94999999999999,South,Charlie Wilson
ORD-0398,2023-08-23,Acme Corp,Tablet,5,931.84,4659.2,North,John Doe
ORD-0399,2023-08-01,Tech Solutions,Mouse,10,777.73,7777.3,East,John Doe
ORD-0400,2023-10-18,Tech Solutions,Tablet,1,656.69,656.69,East,Charlie Wilson
ORD-0401,2023-05-25,Mega Corp,Mouse,10,843.77,8437.7,North,Jane Smith
ORD-0402,2023-11-30,XYZ Inc,Mouse,1,453.12,453.12,Central,Bob Johnson
ORD-0403,2023-12-11,Startup Co,Phone,6,441.56,2649.36,South,Jane Smith
ORD-0404,2023-02-24,XYZ Inc,Phone,10,157.36,1573.6000000000001,Central,Jane Smith
ORD-0405,2023-12-08,Mega Corp,Keyboard,7,540.68,3784.7599999999998,East,Jane Smith
ORD-0406,2023-08-03,Acme Corp,Laptop,3,50.52,151.56,South,John Doe
ORD-0407,2023-06-14,Small Business,Laptop,9,598.32,5384.88,Central,Jane Smith
ORD-0408,2023-04-26,Small Business,Keyboard,2,932.35,1864.7,East,Charlie Wilson
ORD-0409,2023-06-03,Global Industries,Mouse,10,590.39,5903.9,East,Alice Brown
ORD-0410,2023-03-05,Acme Corp,Mouse,4,897.74,3590.96,East,Alice Brown
ORD-0411,2023-04-04,XYZ Inc,Webcam,5,576.59,2882.9500000000003,West,Bob Johnson
ORD-0412,2023-02-10,Startup Co,Laptop,10,212.55,2125.5,West,Charlie Wilson
ORD-0413,2023-06-27,Startup Co,Webcam,6,799.02,4794.12,Central,Jane Smith
ORD-0414,2023-01-31,Startup Co,Headphones,1,548.24,548.24,West,Charlie Wilson
ORD-0415,2023-08-26,Enterprise Ltd,Keyboard,9,559.69,5037.210000000001,West,Jane Smith
ORD-0416,2023-12-09,Small Business,Monitor,8,876.57,7012.56,North,Jane Smith
ORD-0417,2023-04-28,Acme Corp,Monitor,4,353.72,1414.88,West,Charlie Wilson
ORD-0418,2023-07-22,Mega Corp,Webcam,2,247.05,494.1,West,Bob Johnson
ORD-0419,2023-01-28,XYZ Inc,Tablet,7,923.28,6462.96,East,John Doe
ORD-0420,2023-12-16,Startup Co,Headphones,7,187.31,1311.17,West,Jane Smith
ORD-0421,2023-05-11,Startup Co,Mouse,7,457.88,3205.16,East,Charlie Wilson
ORD-0422,2023-06-16,Global Industries,Mouse,10,542.32,5423.200000000001,Central,Jane Smith
ORD-0423,2023-09-14,XYZ Inc,Webcam,1,100.41,100.41,Central,Jane Smith
ORD-0424,2023-08-26,Mega Corp,Monitor,7,855.64,5989.48,North,Jane Smith
ORD-0425,2023-01-21,Startup Co,Tablet,9,299.54,2695.86,West,Bob Johnson
ORD-0426,2023-11-05,Enterprise Ltd,Mouse,10,538.17,5381.7,West,Charlie Wilson
ORD-0427,2023-08-05,Acme Corp,Phone,3,711.91,2135.73,South,John Doe
ORD-0428,2023-05-03,XYZ Inc,Keyboard,4,869.93,3479.72,Central,Jane Smith
ORD-0429,2023-10-24,Acme Corp,Tablet,2,41.86,83.72,Central,Bob Johnson
ORD-0430,2023-12-10,Enterprise Ltd,Keyboard,4,37.51,150.04,West,Charlie Wilson
ORD-0431,2023-07-16,Enterprise Ltd,Laptop,6,927.19,5563.14,North,Jane Smith
ORD-0432,2023-01-07,Global Industries,Tablet,2,814.92,1629.84,West,Alice Brown
ORD-0433,2023-05-21,XYZ Inc,Tablet,2,259.07,518.14,Central,Jane Smith
ORD-0434,2023-02-24,Startup Co,Laptop,3,615.77,1847.31,South,Alice Brown
ORD-0435,2023-07-11,Mega Corp,Laptop,10,245.17,2451.7,East,Charlie Wilson
ORD-0436,2023-01-15,XYZ Inc,Headphones,8,11.34,90.72,Central,Charlie Wilson
ORD-0437,2023-12-03,Small Business,Laptop,10,111.03,1110.3,Central,John Doe
ORD-0438,2023-07-04,Mega Corp,Webcam,1,634.42,634.42,Central,Charlie Wilson
ORD-0439,2023-08-13,Tech Solutions,Laptop,7,452.71,3168.97,North,Jane Smith
ORD-0440,2023-08-20,XYZ Inc,Headphones,1,345.78,345.78,North,Charlie Wilson
ORD-0441,2023-03-25,Tech Solutions,Webcam,9,879.72,7917.4800000000005,East,Alice Brown
ORD-0442,2023-06-25,Acme Corp,Tablet,3,770.41,2311.23,North,Alice Brown
ORD-0443,2023-05-27,Acme Corp,Headphones,10,733.22,7332.200000000001,North,Charlie Wilson
ORD-0444,2023-11-02,Mega Corp,Phone,6,139.99,839.94,North,Jane Smith
ORD-0445,2023-01-20,Mega Corp,Tablet,6,494.76,2968.56,East,John Doe
ORD-0446,2023-04-23,XYZ Inc,Monitor,4,798.67,3194.68,South,John Doe
ORD-0447,2023-09-12,Acme Corp,Mouse,2,875.9,1751.8,East,Charlie Wilson
ORD-0448,2023-01-09,Tech Solutions,Tablet,4,960.39,3841.56,Central,John Doe
ORD-0449,2023-09-30,Global Industries,Laptop,9,257.98,2321.82,West,John Doe
ORD-0450,2023-08-03,XYZ Inc,Tablet,9,57.23,515.0699999999999,South,Jane Smith
ORD-0451,2023-12-13,XYZ Inc,Tablet,8,424.73,3397.84,North,Jane Smith
ORD-0452,2023-01-01,Mega Corp,Tablet,7,238.57,1669.99,North,Bob Johnson
ORD-0453,2023-08-14,Acme Corp,Headphones,8,866.29,6930.32,South,Jane Smith
ORD-0454,2023-01-19,Acme Corp,Webcam,9,674.4,6069.599999999999,South,Bob Johnson
ORD-0455,2023-07-05,Global Industries,Laptop,5,737.72,3688.6000000000004,East,Alice Brown
ORD-0456,2023-11-26,Small Business,Keyboard,8,842.87,6742.96,East,Bob Johnson
ORD-0457,2023-03-18,Small Business,Laptop,3,351.32,1053.96,South,John Doe
ORD-0458,2023-11-12,Global Industries,Laptop,1,164.32,164.32,Central,Bob Johnson
ORD-0459,2023-07-18,Tech Solutions,Keyboard,3,88.69,266.07,South,Bob Johnson
ORD-0460,2023-09-03,Tech Solutions,Monitor,8,822.51,6580.08,South,Alice Brown
ORD-0461,2023-11-17,Enterprise Ltd,Tablet,8,253.9,2031.2,East,Jane Smith
ORD-0462,2023-09-01,XYZ Inc,Tablet,6,94.91,569.46,East,Bob Johnson
ORD-0463,2023-01-12,Acme Corp,Keyboard,6,592.0,3552.0,West,Charlie Wilson
ORD-0464,2023-11-28,Startup Co,Headphones,8,322.71,2581.68,North,Jane Smith
ORD-0465,2023-09-02,XYZ Inc,Headphones,7,116.26,813.82,North,Bob Johnson
ORD-0466,2023-05-29,Startup Co,Tablet,3,124.71,374.13,Central,Jane Smith
ORD-0467,2023-04-30,Tech Solutions,Keyboard,10,862.92,8629.199999999999,South,Charlie Wilson
ORD-0468,2023-03-03,Acme Corp,Mouse,4,97.06,388.24,North,John Doe
ORD-0469,2023-04-15,Global Industries,Tablet,4,992.27,3969.08,North,Charlie Wilson
ORD-0470,2023-06-04,Startup Co,Monitor,9,452.93,4076.37,Central,Alice Brown
ORD-0471,2023-01-01,Startup Co,Webcam,6,204.11,1224.66,Central,Alice Brown
ORD-0472,2023-09-04,XYZ Inc,Laptop,3,622.04,1866.12,Central,John Doe
ORD-0473,2023-01-22,Global Industries,Mouse,3,477.46,1432.3799999999999,South,Alice Brown
ORD-0474,2023-03-18,Global Industries,Tablet,8,942.67,7541.36,Central,Jane Smith
ORD-0475,2023-05-30,Global Industries,Mouse,7,595.94,4171.58,Central,Jane Smith
ORD-0476,2023-10-01,Tech Solutions,Laptop,3,295.58,886.74,Central,Bob Johnson
ORD-0477,2023-05-29,Startup Co,Webcam,9,60.31,542.79,West,Alice Brown
ORD-0478,2023-10-29,Mega Corp,Monitor,4,545.75,2183.0,North,Alice Brown
ORD-0479,2023-11-12,Small Business,Phone,6,225.31,1351.8600000000001,West,Alice Brown
ORD-0480,2023-10-20,Mega Corp,Laptop,5,727.87,3639.35,Central,Bob Johnson
ORD-0481,2023-06-27,Startup Co,Mouse,6,570.95,3425.7000000000003,North,Charlie Wilson
ORD-0482,2023-08-02,Enterprise Ltd,Laptop,5,748.75,3743.75,East,Charlie Wilson
ORD-0483,2023-05-28,XYZ Inc,Keyboard,8,947.5,7580.0,Central,John Doe
ORD-0484,2023-02-25,XYZ Inc,Mouse,1,769.99,769.99,North,Bob Johnson
ORD-0485,2023-03-15,XYZ Inc,Headphones,7,969.62,6787.34,Central,John Doe
ORD-0486,2023-01-07,Enterprise Ltd,Webcam,7,85.39,597.73,East,Charlie Wilson
ORD-0487,2023-12-24,Enterprise Ltd,Monitor,6,160.74,964.44,South,Bob Johnson
ORD-0488,2023-08-14,XYZ Inc,Mouse,8,424.07,3392.56,North,Alice Brown
ORD-0489,2023-01-22,Small Business,Keyboard,7,667.8,4674.599999999999,East,Bob Johnson
ORD-0490,2023-04-20,Global Industries,Mouse,3,259.97,779.9100000000001,East,Bob Johnson
ORD-0491,2023-08-14,Startup Co,Laptop,9,301.29,2711.61,West,John Doe
ORD-0492,2023-11-15,Enterprise Ltd,Monitor,5,713.24,3566.2,East,Bob Johnson
ORD-0493,2023-09-26,Small Business,Webcam,8,337.57,2700.56,West,John Doe
ORD-0494,2023-07-10,Small Business,Laptop,1,723.81,723.81,Central,John Doe
ORD-0495,2023-10-03,Tech Solutions,Mouse,9,133.08,1197.72,Central,Bob Johnson
ORD-0496,2023-12-06,Tech Solutions,Phone,10,139.87,1398.7,South,Alice Brown
ORD-0497,2023-02-14,XYZ Inc,Laptop,1,701.09,701.09,South,John Doe
ORD-0498,2023-01-19,Mega Corp,Tablet,5,802.6,4013.0,South,Jane Smith
ORD-0499,2023-11-04,Global Industries,Headphones,1,412.75,412.75,Central,John Doe
ORD-0500,2023-11-16,Global Industries,Phone,6,261.28,1567.6799999999998,West,Alice Brown
ORD-0501,2023-12-03,Global Industries,Tablet,8,498.65,3989.2,North,John Doe
ORD-0502,2023-08-09,Enterprise Ltd,Mouse,10,861.59,8615.9,South,Jane Smith
ORD-0503,2023-02-01,Global Industries,Headphones,4,630.88,2523.52,East,Bob Johnson
ORD-0504,2023-05-07,Small Business,Tablet,9,319.61,2876.4900000000002,North,Jane Smith
ORD-0505,2023-06-26,Mega Corp,Webcam,7,713.4,4993.8,East,Jane Smith
ORD-0506,2023-08-24,Enterprise Ltd,Keyboard,9,591.67,5325.03,East,Alice Brown
ORD-0507,2023-12-20,Mega Corp,Headphones,2,840.02,1680.04,West,Alice Brown
ORD-0508,2023-04-27,XYZ Inc,Keyboard,9,411.75,3705.75,South,Bob Johnson
ORD-0509,2023-05-19,Mega Corp,Keyboard,2,210.66,421.32,South,Jane Smith
ORD-0510,2023-09-28,Mega Corp,Phone,5,742.33,3711.65,East,Jane Smith
ORD-0511,2023-12-21,Startup Co,Tablet,3,568.95,1706.8500000000001,East,John Doe
ORD-0512,2023-02-12,Tech Solutions,Keyboard,7,220.58,1544.0600000000002,North,Charlie Wilson
ORD-0513,2023-09-30,Global Industries,Headphones,9,705.22,6346.9800000000005,East,Charlie Wilson
ORD-0514,2023-10-21,Acme Corp,Webcam,3,359.26,1077.78,North,Jane Smith
ORD-0515,2023-07-20,Mega Corp,Laptop,2,277.94,555.88,South,John Doe
ORD-0516,2023-01-18,Mega Corp,Tablet,2,445.2,890.4,West,Alice Brown
ORD-0517,2023-01-15,Mega Corp,Mouse,10,706.37,7063.7,East,Charlie Wilson
ORD-0518,2023-05-26,Mega Corp,Laptop,5,680.63,3403.15,Central,Charlie Wilson
ORD-0519,2023-03-02,Small Business,Phone,9,444.97,4004.7300000000005,Central,Alice Brown
ORD-0520,2023-07-18,Global Industries,Keyboard,4,389.75,1559.0,North,Jane Smith
ORD-0521,2023-11-04,Small Business,Laptop,4,168.22,672.88,East,Bob Johnson
ORD-0522,2023-08-08,Tech Solutions,Mouse,7,571.56,4000.9199999999996,South,Alice Brown
ORD-0523,2023-01-18,Tech Solutions,Phone,3,942.97,2828.91,West,Alice Brown
ORD-0524,2023-08-06,Mega Corp,Mouse,2,658.62,1317.24,North,Charlie Wilson
ORD-0525,2023-05-06,XYZ Inc,Headphones,1,945.8,945.8,Central,John Doe
ORD-0526,2023-03-01,Enterprise Ltd,Keyboard,4,61.73,246.92,East,Alice Brown
ORD-0527,2023-11-16,Acme Corp,Keyboard,4,175.24,700.96,South,Charlie Wilson
ORD-0528,2023-10-26,XYZ Inc,Monitor,1,277.17,277.17,West,John Doe
ORD-0529,2023-04-07,Tech Solutions,Phone,5,204.07,1020.3499999999999,East,John Doe
ORD-0530,2023-01-09,Tech Solutions,Webcam,2,904.82,1809.64,North,Bob Johnson
ORD-0531,2023-07-08,XYZ Inc,Webcam,3,685.57,2056.71,East,John Doe
ORD-0532,2023-05-05,Mega Corp,Webcam,7,109.75,768.25,South,Alice Brown
ORD-0533,2023-11-21,Acme Corp,Tablet,3,396.16,1188.48,South,John Doe
ORD-0534,2023-12-05,Startup Co,Keyboard,4,611.34,2445.36,East,John Doe
ORD-0535,2023-11-04,Startup Co,Monitor,4,736.77,2947.08,North,Bob Johnson
ORD-0536,2023-07-17,Mega Corp,Phone,2,79.19,158.38,South,Bob Johnson
ORD-0537,2023-06-09,Tech Solutions,Mouse,8,598.71,4789.68,West,Charlie Wilson
ORD-0538,2023-06-17,Mega Corp,Mouse,8,758.99,6071.92,East,Charlie Wilson
ORD-0539,2023-07-10,Small Business,Keyboard,7,527.9,3695.2999999999997,West,Charlie Wilson
ORD-0540,2023-11-13,Global Industries,Headphones,5,971.34,4856.7,Central,John Doe
ORD-0541,2023-10-22,Mega Corp,Keyboard,10,541.32,5413.200000000001,East,Bob Johnson
ORD-0542,2023-06-16,Acme Corp,Monitor,1,178.13,178.13,South,Charlie Wilson
ORD-0543,2023-10-27,Acme Corp,Tablet,5,330.16,1650.8000000000002,West,John Doe
ORD-0544,2023-04-05,Acme Corp,Tablet,10,940.83,9408.300000000001,West,Bob Johnson
ORD-0545,2023-01-27,Startup Co,Webcam,8,936.92,7495.36,Central,John Doe
ORD-0546,2023-02-20,Global Industries,Mouse,7,585.4,4097.8,Central,Jane Smith
ORD-0547,2023-11-14,Global Industries,Laptop,3,132.84,398.52,Central,Charlie Wilson
ORD-0548,2023-02-06,Tech Solutions,Phone,3,435.02,1305.06,West,Charlie Wilson
ORD-0549,2023-10-07,Global Industries,Laptop,8,707.26,5658.08,Central,Alice Brown
ORD-0550,2023-05-23,Small Business,Laptop,1,930.42,930.42,North,John Doe
ORD-0551,2023-08-26,XYZ Inc,Tablet,1,377.56,377.56,Central,John Doe
ORD-0552,2023-09-05,Startup Co,Laptop,10,161.2,1612.0,Central,John Doe
ORD-0553,2023-11-29,Tech Solutions,Phone,4,858.5,3434.0,Central,Alice Brown
ORD-0554,2023-10-10,XYZ Inc,Webcam,10,556.9,5569.0,Central,Alice Brown
ORD-0555,2023-04-16,Enterprise Ltd,Tablet,7,427.38,2991.66,East,John Doe
ORD-0556,2023-09-24,Enterprise Ltd,Monitor,9,692.58,6233.22,East,Charlie Wilson
ORD-0557,2023-05-22,Tech Solutions,Laptop,8,966.91,7735.28,South,Charlie Wilson
ORD-0558,2023-04-03,Global Industries,Webcam,2,175.18,350.36,East,Charlie Wilson
ORD-0559,2023-08-06,Small Business,Keyboard,5,875.35,4376.75,Central,Alice Brown
ORD-0560,2023-10-11,Global Industries,Laptop,3,370.95,1112.85,South,Charlie Wilson
ORD-0561,2023-08-20,Global Industries,Webcam,2,398.04,796.08,West,Jane Smith
ORD-0562,2023-02-06,Enterprise Ltd,Monitor,8,93.54,748.32,West,Alice Brown
ORD-0563,2023-06-27,Small Business,Keyboard,3,825.02,2475.06,East,Charlie Wilson
ORD-0564,2023-09-03,Small Business,Monitor,8,916.56,7332.48,West,Jane Smith
ORD-0565,2023-01-02,Startup Co,Keyboard,6,925.4,5552.4,West,Jane Smith
ORD-0566,2023-10-14,Mega Corp,Phone,5,683.66,3418.2999999999997,East,John Doe
ORD-0567,2023-05-03,Mega Corp,Headphones,1,429.64,429.64,Central,Alice Brown
ORD-0568,2023-07-29,Tech Solutions,Webcam,7,179.16,1254.12,Central,Bob Johnson
ORD-0569,2023-08-28,Enterprise Ltd,Mouse,10,337.15,3371.5,North,Alice Brown
ORD-0570,2023-09-19,Small Business,Mouse,8,681.2,5449.6,East,Jane Smith
ORD-0571,2023-09-30,Tech Solutions,Webcam,8,307.96,2463.68,East,Alice Brown
ORD-0572,2023-09-03,Startup Co,Mouse,4,883.5,3534.0,East,Jane Smith
ORD-0573,2023-04-11,Acme Corp,Webcam,3,925.5,2776.5,North,Charlie Wilson
ORD-0574,2023-04-04,Acme Corp,Monitor,8,139.9,1119.2,East,Jane Smith
ORD-0575,2023-01-16,XYZ Inc,Laptop,7,468.99,3282.9300000000003,East,John Doe
ORD-0576,2023-11-20,XYZ Inc,Phone,6,822.33,4933.9800000000005,East,Bob Johnson
ORD-0577,2023-12-12,Global Industries,Phone,6,213.92,1283.52,West,Jane Smith
ORD-0578,2023-06-09,Tech Solutions,Monitor,2,391.99,783.98,Central,Jane Smith
ORD-0579,2023-05-25,Small Business,Monitor,5,127.67,638.35,North,Alice Brown
ORD-0580,2023-04-14,Acme Corp,Monitor,7,475.47,3328.29,North,Alice Brown
ORD-0581,2023-05-07,Tech Solutions,Phone,8,567.9,4543.2,North,John Doe
ORD-0582,2023-06-12,Small Business,Tablet,4,862.95,3451.8,East,Bob Johnson
ORD-0583,2023-04-01,Acme Corp,Laptop,6,34.59,207.54000000000002,Central,Jane Smith
ORD-0584,2023-02-07,Enterprise Ltd,Mouse,9,457.43,4116.87,West,Alice Brown
ORD-0585,2023-05-17,Global Industries,Tablet,5,349.18,1745.9,East,Bob Johnson
ORD-0586,2023-03-04,Acme Corp,Headphones,8,301.53,2412.24,East,Charlie Wilson
ORD-0587,2023-03-24,Startup Co,Laptop,5,357.43,1787.15,West,Bob Johnson
ORD-0588,2023-07-05,Global Industries,Tablet,8,486.2,3889.6,South,Charlie Wilson
ORD-0589,2023-12-26,Tech Solutions,Monitor,3,632.1,1896.3000000000002,West,John Doe
ORD-0590,2023-06-12,XYZ Inc,Mouse,9,966.86,8701.74,West,Bob Johnson
ORD-0591,2023-06-23,Global Industries,Webcam,2,273.35,546.7,South,John Doe
ORD-0592,2024-01-01,Acme Corp,Headphones,6,686.42,4118.5199999999995,East,John Doe
ORD-0593,2023-03-03,Mega Corp,Headphones,10,25.28,252.8,South,John Doe
ORD-0594,2023-09-09,Acme Corp,Mouse,5,585.37,2926.85,South,John Doe
ORD-0595,2023-05-19,Mega Corp,Keyboard,10,66.72,667.2,Central,John Doe
ORD-0596,2023-05-21,Startup Co,Keyboard,4,330.52,1322.08,Central,Charlie Wilson
ORD-0597,2023-01-01,Enterprise Ltd,Laptop,10,200.47,2004.7,East,Charlie Wilson
ORD-0598,2023-07-16,Global Industries,Laptop,5,174.41,872.05,South,Alice Brown
ORD-0599,2023-05-14,Mega Corp,Tablet,1,626.29,626.29,South,Bob Johnson
ORD-0600,2023-01-26,Acme Corp,Phone,9,98.49,886.41,Central,Alice Brown
ORD-0601,2023-01-07,Enterprise Ltd,Keyboard,3,640.93,1922.79,North,Jane Smith
ORD-0602,2023-07-03,XYZ Inc,Mouse,9,868.64,7817.76,South,Charlie Wilson
ORD-0603,2023-06-03,Global Industries,Webcam,9,667.25,6005.25,East,Bob Johnson
ORD-0604,2023-08-05,Acme Corp,Phone,10,739.37,7393.7,North,Charlie Wilson
ORD-0605,2023-10-08,Global Industries,Keyboard,6,724.97,4349.82,Central,Jane Smith
ORD-0606,2023-12-10,Startup Co,Keyboard,7,110.29,772.0300000000001,West,Charlie Wilson
ORD-0607,2023-09-11,Enterprise Ltd,Mouse,7,657.84,4604.88,West,Charlie Wilson
ORD-0608,2023-10-08,Enterprise Ltd,Keyboard,9,766.76,6900.84,West,Alice Brown
ORD-0609,2023-04-07,Global Industries,Keyboard,8,559.51,4476.08,South,Charlie Wilson
ORD-0610,2023-08-24,Global Industries,Phone,5,240.93,1204.65,West,Alice Brown
ORD-0611,2023-12-05,Small Business,Monitor,2,512.74,1025.48,West,Alice Brown
ORD-0612,2023-04-07,Tech Solutions,Mouse,5,907.59,4537.95,Central,Alice Brown
ORD-0613,2023-01-08,Acme Corp,Tablet,1,116.46,116.46,Central,Charlie Wilson
ORD-0614,2023-04-17,Acme Corp,Keyboard,1,940.61,940.61,South,Alice Brown
ORD-0615,2023-12-08,Global Industries,Tablet,3,463.0,1389.0,East,Charlie Wilson
ORD-0616,2023-05-26,Enterprise Ltd,Keyboard,9,55.74,501.66,North,Bob Johnson
ORD-0617,2023-05-06,Acme Corp,Headphones,4,959.66,3838.64,Central,Charlie Wilson
ORD-0618,2023-09-18,Tech Solutions,Tablet,1,950.12,950.12,East,Alice Brown
ORD-0619,2023-01-06,Tech Solutions,Laptop,7,740.85,5185.95,Central,Jane Smith
ORD-0620,2023-11-05,Enterprise Ltd,Keyboard,1,369.42,369.42,West,Jane Smith
ORD-0621,2023-10-22,Global Industries,Mouse,5,395.5,1977.5,South,John Doe
ORD-0622,2023-03-30,XYZ Inc,Keyboard,2,34.95,69.9,North,Alice Brown
ORD-0623,2023-06-03,Small Business,Webcam,6,131.78,790.6800000000001,West,Charlie Wilson
ORD-0624,2023-12-04,XYZ Inc,Headphones,4,996.48,3985.92,Central,Charlie Wilson
ORD-0625,2023-08-25,Tech Solutions,Webcam,10,97.33,973.3,West,John Doe
ORD-0626,2023-10-26,Tech Solutions,Tablet,5,522.12,2610.6,East,Jane Smith
ORD-0627,2023-02-28,Startup Co,Keyboard,1,462.04,462.04,West,Jane Smith
ORD-0628,2023-03-27,Tech Solutions,Webcam,2,733.18,1466.36,Central,Charlie Wilson
ORD-0629,2023-06-30,Mega Corp,Keyboard,3,984.17,2952.5099999999998,West,Alice Brown
ORD-0630,2023-08-19,Startup Co,Mouse,5,166.24,831.2,West,Charlie Wilson
ORD-0631,2023-09-05,Tech Solutions,Monitor,9,417.05,3753.4500000000003,East,John Doe
ORD-0632,2023-07-20,Tech Solutions,Headphones,4,902.74,3610.96,South,Bob Johnson
ORD-0633,2023-07-27,Acme Corp,Monitor,10,889.82,8898.2,South,Alice Brown
ORD-0634,2023-03-06,Small Business,Mouse,5,863.73,4318.65,East,Jane Smith
ORD-0635,2023-03-23,Tech Solutions,Monitor,4,236.07,944.28,South,Alice Brown
ORD-0636,2023-02-14,Mega Corp,Laptop,8,774.61,6196.88,Central,John Doe
ORD-0637,2023-07-06,Small Business,Phone,9,93.91,845.1899999999999,South,Alice Brown
ORD-0638,2023-03-08,XYZ Inc,Laptop,8,80.32,642.56,Central,Alice Brown
ORD-0639,2023-05-27,Global Industries,Phone,7,938.68,6570.759999999999,South,John Doe
ORD-0640,2023-02-13,Mega Corp,Keyboard,2,754.46,1508.92,East,Charlie Wilson
ORD-0641,2023-11-08,Acme Corp,Tablet,1,989.52,989.52,East,Charlie Wilson
ORD-0642,2023-10-26,Small Business,Tablet,8,933.95,7471.6,North,Bob Johnson
ORD-0643,2023-03-28,Mega Corp,Keyboard,5,507.86,2539.3,East,Charlie Wilson
ORD-0644,2023-07-09,Startup Co,Mouse,10,869.92,8699.199999999999,East,John Doe
ORD-0645,2023-09-18,Global Industries,Laptop,2,783.13,1566.26,Central,Alice Brown
ORD-0646,2023-06-28,Small Business,Keyboard,9,224.89,2024.0099999999998,East,Alice Brown
ORD-0647,2023-10-31,XYZ Inc,Mouse,1,468.96,468.96,South,Bob Johnson
ORD-0648,2023-12-28,Mega Corp,Tablet,2,692.67,1385.34,West,Jane Smith
ORD-0649,2023-11-12,Small Business,Tablet,4,542.78,2171.12,North,John Doe
ORD-0650,2023-02-09,XYZ Inc,Webcam,5,889.0,4445.0,East,Charlie Wilson
ORD-0651,2023-01-29,Mega Corp,Phone,7,992.95,6950.650000000001,South,Jane Smith
ORD-0652,2023-08-01,Small Business,Laptop,2,521.61,1043.22,East,Alice Brown
ORD-0653,2023-09-19,Enterprise Ltd,Tablet,1,166.33,166.33,Central,Alice Brown
ORD-0654,2023-09-21,Global Industries,Laptop,3,704.13,2112.39,North,Bob Johnson
ORD-0655,2023-06-29,XYZ Inc,Monitor,10,935.91,9359.1,South,Alice Brown
ORD-0656,2023-07-17,XYZ Inc,Phone,2,421.02,842.04,Central,Bob Johnson
ORD-0657,2023-10-03,Small Business,Webcam,2,859.4,1718.8,South,Charlie Wilson
ORD-0658,2023-05-15,Enterprise Ltd,Tablet,2,93.82,187.64,South,John Doe
ORD-0659,2023-09-03,Startup Co,Phone,2,389.33,778.66,West,Charlie Wilson
ORD-0660,2023-05-17,Acme Corp,Mouse,2,942.26,1884.52,Central,Charlie Wilson
ORD-0661,2023-10-11,Startup Co,Laptop,5,265.03,1325.1499999999999,West,Jane Smith
ORD-0662,2023-01-23,Small Business,Headphones,1,622.83,622.83,South,Alice Brown
ORD-0663,2023-09-03,Mega Corp,Tablet,1,925.26,925.26,East,John Doe
ORD-0664,2023-06-10,Startup Co,Monitor,8,421.27,3370.16,East,John Doe
ORD-0665,2023-06-19,Small Business,Headphones,8,944.37,7554.96,Central,Jane Smith
ORD-0666,2023-12-01,XYZ Inc,Keyboard,9,852.76,7674.84,North,Alice Brown
ORD-0667,2023-02-15,XYZ Inc,Laptop,4,319.13,1276.52,West,Jane Smith
ORD-0668,2023-10-09,Small Business,Keyboard,1,908.77,908.77,West,John Doe
ORD-0669,2023-06-10,Acme Corp,Monitor,3,344.48,1033.44,Central,Jane Smith
ORD-0670,2023-12-07,Startup Co,Phone,7,394.08,2758.56,South,John Doe
ORD-0671,2023-04-25,Tech Solutions,Keyboard,8,433.51,3468.08,South,Alice Brown
ORD-0672,2023-09-27,Mega Corp,Webcam,3,977.09,2931.27,North,Jane Smith
ORD-0673,2023-01-06,Mega Corp,Mouse,9,900.83,8107.47,West,Jane Smith
ORD-0674,2023-11-09,Startup Co,Headphones,2,245.17,490.34,West,Bob Johnson
ORD-0675,2023-02-10,Acme Corp,Mouse,10,694.86,6948.6,Central,Bob Johnson
ORD-0676,2023-04-26,Enterprise Ltd,Headphones,4,193.67,774.68,North,Jane Smith
ORD-0677,2023-06-10,Mega Corp,Tablet,4,106.09,424.36,Central,Jane Smith
ORD-0678,2023-10-20,Acme Corp,Phone,5,345.08,1725.3999999999999,West,Bob Johnson
ORD-0679,2023-03-02,Enterprise Ltd,Laptop,7,867.12,6069.84,East,Bob Johnson
ORD-0680,2023-04-18,XYZ Inc,Webcam,7,243.48,1704.36,North,Bob Johnson
ORD-0681,2023-12-14,Mega Corp,Monitor,8,616.48,4931.84,South,Jane Smith
ORD-0682,2023-09-23,Enterprise Ltd,Webcam,6,288.53,1731.1799999999998,North,Bob Johnson
ORD-0683,2023-02-12,Enterprise Ltd,Headphones,7,379.46,2656.22,South,Alice Brown
ORD-0684,2023-09-02,XYZ Inc,Mouse,8,559.66,4477.28,North,Bob Johnson
ORD-0685,2023-07-17,Startup Co,Laptop,5,687.74,3438.7,Central,Charlie Wilson
ORD-0686,2023-05-22,Tech Solutions,Laptop,8,317.32,2538.56,East,Charlie Wilson
ORD-0687,2023-10-24,Acme Corp,Phone,9,817.69,7359.210000000001,West,John Doe
ORD-0688,2023-01-18,Enterprise Ltd,Webcam,1,741.24,741.24,Central,John Doe
ORD-0689,2023-02-14,Acme Corp,Webcam,7,706.72,4947.04,South,John Doe
ORD-0690,2023-10-01,Enterprise Ltd,Monitor,9,769.06,6921.539999999999,North,Jane Smith
ORD-0691,2023-04-14,Mega Corp,Mouse,9,217.2,1954.8,North,Jane Smith
ORD-0692,2023-08-11,XYZ Inc,Webcam,6,428.54,2571.2400000000002,East,Charlie Wilson
ORD-0693,2023-05-13,Enterprise Ltd,Keyboard,4,811.47,3245.88,West,John Doe
ORD-0694,2023-04-06,Global Industries,Headphones,2,812.47,1624.94,East,Charlie Wilson
ORD-0695,2023-04-23,Acme Corp,Phone,4,586.8,2347.2,East,Jane Smith
ORD-0696,2023-07-31,Startup Co,Mouse,6,595.83,3574.9800000000005,West,Charlie Wilson
ORD-0697,2023-09-27,Startup Co,Laptop,6,532.66,3195.96,North,John Doe
ORD-0698,2023-05-18,XYZ Inc,Tablet,9,815.99,7343.91,Central,Alice Brown
ORD-0699,2023-12-17,Tech Solutions,Mouse,9,488.28,4394.5199999999995,Central,Jane Smith
ORD-0700,2023-04-11,XYZ Inc,Laptop,2,262.82,525.64,North,Charlie Wilson
ORD-0701,2023-04-12,Mega Corp,Keyboard,5,641.19,3205.9500000000003,North,Jane Smith
ORD-0702,2023-02-14,Startup Co,Webcam,7,430.76,3015.3199999999997,Central,Alice Brown
ORD-0703,2023-08-27,Small Business,Tablet,7,145.71,1019.97,East,Alice Brown
ORD-0704,2023-12-10,Global Industries,Headphones,5,128.89,644.4499999999999,West,John Doe
ORD-0705,2023-10-22,Mega Corp,Webcam,5,590.93,2954.6499999999996,West,Charlie Wilson
ORD-0706,2023-05-15,Small Business,Webcam,6,344.54,2067.2400000000002,Central,Jane Smith
ORD-0707,2023-07-19,Mega Corp,Phone,9,623.17,5608.53,East,Bob Johnson
ORD-0708,2023-07-29,Global Industries,Monitor,1,372.97,372.97,Central,Alice Brown
ORD-0709,2023-12-04,Global Industries,Headphones,9,176.21,1585.89,North,Charlie Wilson
ORD-0710,2023-01-08,Enterprise Ltd,Keyboard,10,171.29,1712.8999999999999,North,Alice Brown
ORD-0711,2023-03-27,XYZ Inc,Tablet,6,140.7,844.1999999999999,West,Jane Smith
ORD-0712,2023-04-09,Small Business,Headphones,5,297.63,1488.15,West,Alice Brown
ORD-0713,2023-06-25,Enterprise Ltd,Laptop,8,975.29,7802.32,West,Bob Johnson
ORD-0714,2023-03-11,Enterprise Ltd,Laptop,3,300.53,901.5899999999999,North,Bob Johnson
ORD-0715,2023-06-06,Mega Corp,Mouse,6,211.46,1268.76,Central,Alice Brown
ORD-0716,2023-07-13,Mega Corp,Webcam,2,728.54,1457.08,North,Bob Johnson
ORD-0717,2023-01-13,Global Industries,Headphones,5,537.36,2686.8,Central,Jane Smith
ORD-0718,2023-05-29,Enterprise Ltd,Laptop,1,117.3,117.3,South,Charlie Wilson
ORD-0719,2023-12-27,XYZ Inc,Webcam,5,61.84,309.20000000000005,East,Jane Smith
ORD-0720,2023-06-10,Acme Corp,Webcam,9,372.9,3356.1,West,Bob Johnson
ORD-0721,2023-06-02,Mega Corp,Keyboard,3,487.71,1463.1299999999999,North,Charlie Wilson
ORD-0722,2023-03-29,Startup Co,Mouse,3,869.57,2608.71,Central,Jane Smith
ORD-0723,2023-05-09,Enterprise Ltd,Monitor,8,969.38,7755.04,North,Jane Smith
ORD-0724,2023-08-09,Tech Solutions,Headphones,10,395.89,3958.8999999999996,East,John Doe
ORD-0725,2023-05-23,Startup Co,Tablet,7,778.62,5450.34,Central,Bob Johnson
ORD-0726,2023-11-17,Enterprise Ltd,Mouse,5,85.88,429.4,Central,Charlie Wilson
ORD-0727,2023-05-22,XYZ Inc,Keyboard,2,261.22,522.44,East,Jane Smith
ORD-0728,2023-04-05,Global Industries,Mouse,2,316.74,633.48,West,Jane Smith
ORD-0729,2023-08-07,Acme Corp,Monitor,1,47.52,47.52,North,Bob Johnson
ORD-0730,2023-04-15,Startup Co,Headphones,7,671.03,4697.21,North,Charlie Wilson
ORD-0731,2023-05-18,XYZ Inc,Webcam,3,940.18,2820.54,South,Jane Smith
ORD-0732,2023-02-14,XYZ Inc,Laptop,7,276.04,1932.2800000000002,Central,Alice Brown
ORD-0733,2023-06-29,Mega Corp,Webcam,9,307.94,2771.46,West,Alice Brown
ORD-0734,2023-07-01,Acme Corp,Monitor,2,539.92,1079.84,Central,Bob Johnson
ORD-0735,2023-08-17,Acme Corp,Tablet,4,461.17,1844.68,West,Jane Smith
ORD-0736,2023-01-22,Small Business,Webcam,2,389.75,779.5,Central,Jane Smith
ORD-0737,2023-12-02,Acme Corp,Keyboard,4,178.65,714.6,North,Alice Brown
ORD-0738,2023-12-28,Global Industries,Laptop,5,197.21,986.0500000000001,East,Charlie Wilson
ORD-0739,2023-12-18,Acme Corp,Monitor,10,246.69,2466.9,North,Bob Johnson
ORD-0740,2023-09-03,Mega Corp,Phone,7,602.18,4215.259999999999,Central,Jane Smith
ORD-0741,2023-05-09,Enterprise Ltd,Monitor,2,363.67,727.34,East,Charlie Wilson
ORD-0742,2023-03-25,Global Industries,Headphones,7,348.38,2438.66,Central,Bob Johnson
ORD-0743,2023-07-23,Startup Co,Headphones,8,805.29,6442.32,West,Jane Smith
ORD-0744,2023-08-16,Acme Corp,Keyboard,3,391.77,1175.31,North,Charlie Wilson
ORD-0745,2023-09-23,Small Business,Monitor,7,230.93,1616.51,North,Alice Brown
ORD-0746,2023-12-29,Startup Co,Mouse,3,711.64,2134.92,East,John Doe
ORD-0747,2023-06-10,Enterprise Ltd,Tablet,4,659.64,2638.56,South,Charlie Wilson
ORD-0748,2023-12-17,Startup Co,Headphones,8,981.85,7854.8,Central,Alice Brown
ORD-0749,2023-10-23,Global Industries,Phone,2,24.58,49.16,South,John Doe
ORD-0750,2023-06-12,Enterprise Ltd,Laptop,6,973.77,5842.62,West,Jane Smith
ORD-0751,2023-04-12,Enterprise Ltd,Monitor,5,696.47,3482.3500000000004,East,Charlie Wilson
ORD-0752,2023-04-27,Mega Corp,Headphones,3,183.19,549.5699999999999,East,John Doe
ORD-0753,2023-12-14,Small Business,Headphones,4,628.9,2515.6,North,Charlie Wilson
ORD-0754,2023-06-25,Enterprise Ltd,Laptop,9,497.08,4473.72,West,Jane Smith
ORD-0755,2024-01-01,XYZ Inc,Webcam,5,512.04,2560.2,South,John Doe
ORD-0756,2023-10-09,Global Industries,Webcam,4,725.55,2902.2,East,Alice Brown
ORD-0757,2023-06-14,Tech Solutions,Tablet,3,798.34,2395.02,East,Alice Brown
ORD-0758,2023-03-02,Tech Solutions,Keyboard,9,477.74,4299.66,West,Bob Johnson
ORD-0759,2023-05-28,Mega Corp,Webcam,2,640.27,1280.54,West,Bob Johnson
ORD-0760,2023-03-17,Small Business,Webcam,8,138.61,1108.88,East,Alice Brown
ORD-0761,2023-12-24,Enterprise Ltd,Tablet,7,895.34,6267.38,West,Charlie Wilson
ORD-0762,2023-08-12,Tech Solutions,Monitor,5,319.25,1596.25,East,Bob Johnson
ORD-0763,2023-02-21,Tech Solutions,Keyboard,9,164.88,1483.92,East,Jane Smith
ORD-0764,2023-07-27,Global Industries,Laptop,10,292.74,2927.4,East,Alice Brown
ORD-0765,2023-06-09,Startup Co,Laptop,5,728.69,3643.4500000000003,Central,Alice Brown
ORD-0766,2023-06-28,Enterprise Ltd,Keyboard,8,791.35,6330.8,East,Charlie Wilson
ORD-0767,2023-04-03,Enterprise Ltd,Webcam,8,940.16,7521.28,East,John Doe
ORD-0768,2023-02-17,Mega Corp,Laptop,10,749.49,7494.9,West,Bob Johnson
ORD-0769,2023-11-25,Global Industries,Tablet,6,75.5,453.0,West,John Doe
ORD-0770,2023-09-21,XYZ Inc,Webcam,4,985.5,3942.0,North,Charlie Wilson
ORD-0771,2023-10-16,Startup Co,Tablet,7,362.25,2535.75,South,Charlie Wilson
ORD-0772,2023-07-07,Small Business,Headphones,4,854.28,3417.12,West,Jane Smith
ORD-0773,2023-05-17,Startup Co,Mouse,8,948.36,7586.88,Central,Alice Brown
ORD-0774,2023-10-06,Tech Solutions,Tablet,6,397.16,2382.96,East,John Doe
ORD-0775,2023-11-23,Acme Corp,Headphones,8,447.1,3576.8,North,Bob Johnson
ORD-0776,2023-04-03,Mega Corp,Headphones,5,389.62,1948.1,South,Jane Smith
ORD-0777,2023-06-26,Tech Solutions,Laptop,10,960.46,9604.6,South,Alice Brown
ORD-0778,2023-10-14,Enterprise Ltd,Headphones,10,374.47,3744.7000000000003,West,Charlie Wilson
ORD-0779,2023-08-18,Acme Corp,Keyboard,5,653.42,3267.1,West,Alice Brown
ORD-0780,2023-08-04,Acme Corp,Monitor,5,226.82,1134.1,North,Alice Brown
ORD-0781,2023-04-17,Acme Corp,Mouse,3,456.51,1369.53,West,Charlie Wilson
ORD-0782,2023-07-09,Acme Corp,Mouse,9,317.99,2861.91,East,Charlie Wilson
ORD-0783,2023-08-25,Startup Co,Mouse,10,618.12,6181.2,North,John Doe
ORD-0784,2023-09-24,Small Business,Headphones,10,459.27,4592.7,East,Jane Smith
ORD-0785,2023-11-09,Enterprise Ltd,Webcam,10,573.94,5739.400000000001,West,Jane Smith
ORD-0786,2023-11-18,Tech Solutions,Tablet,1,91.8,91.8,South,John Doe
ORD-0787,2023-05-31,Mega Corp,Monitor,8,290.87,2326.96,East,John Doe
ORD-0788,2023-02-14,Global Industries,Webcam,3,949.02,2847.06,East,Bob Johnson
ORD-0789,2023-11-27,Acme Corp,Headphones,1,972.76,972.76,East,Alice Brown
ORD-0790,2023-09-03,Startup Co,Phone,7,153.08,1071.5600000000002,West,Charlie Wilson
ORD-0791,2023-06-09,XYZ Inc,Mouse,8,131.54,1052.32,West,Bob Johnson
ORD-0792,2023-05-04,Mega Corp,Monitor,7,829.84,5808.88,South,Jane Smith
ORD-0793,2023-09-10,Enterprise Ltd,Webcam,4,105.23,420.92,South,Bob Johnson
ORD-0794,2023-09-20,Startup Co,Headphones,7,483.0,3381.0,Central,Jane Smith
ORD-0795,2023-12-02,Enterprise Ltd,Headphones,9,755.71,6801.39,South,Jane Smith
ORD-0796,2023-04-18,Acme Corp,Mouse,6,862.39,5174.34,East,Alice Brown
ORD-0797,2023-06-14,Tech Solutions,Laptop,8,573.29,4586.32,Central,Jane Smith
ORD-0798,2023-07-22,Global Industries,Tablet,4,140.23,560.92,Central,Charlie Wilson
ORD-0799,2023-06-03,Enterprise Ltd,Laptop,10,618.29,6182.9,East,Bob Johnson
ORD-0800,2023-12-15,Tech Solutions,Headphones,7,903.29,6323.03,South,Charlie Wilson
ORD-0801,2023-08-17,Global Industries,Mouse,9,220.87,1987.83,East,Alice Brown
ORD-0802,2023-01-18,Enterprise Ltd,Tablet,2,588.86,1177.72,East,Jane Smith
ORD-0803,2023-01-14,Global Industries,Webcam,6,220.38,1322.28,South,Alice Brown
ORD-0804,2023-09-19,Enterprise Ltd,Monitor,8,831.61,6652.88,South,Alice Brown
ORD-0805,2023-11-23,XYZ Inc,Tablet,7,420.14,2940.98,Central,Jane Smith
ORD-0806,2023-04-28,Global Industries,Tablet,7,790.56,5533.92,Central,Charlie Wilson
ORD-0807,2023-12-03,Tech Solutions,Keyboard,9,596.75,5370.75,East,Bob Johnson
ORD-0808,2023-08-18,Enterprise Ltd,Webcam,2,168.53,337.06,Central,Bob Johnson
ORD-0809,2023-06-23,Acme Corp,Monitor,7,559.3,3915.0999999999995,North,Bob Johnson
ORD-0810,2023-02-02,Small Business,Headphones,7,248.41,1738.87,East,Bob Johnson
ORD-0811,2023-06-06,Mega Corp,Laptop,7,936.29,6554.03,West,Alice Brown
ORD-0812,2023-02-17,Startup Co,Laptop,5,36.61,183.05,East,John Doe
ORD-0813,2023-02-20,Small Business,Monitor,7,427.36,2991.52,Central,Alice Brown
ORD-0814,2023-04-16,Startup Co,Mouse,2,899.31,1798.62,Central,Charlie Wilson
ORD-0815,2023-06-13,Global Industries,Headphones,3,800.99,2402.9700000000003,East,Alice Brown
ORD-0816,2023-10-13,XYZ Inc,Phone,10,831.13,8311.3,West,Alice Brown
ORD-0817,2023-11-28,Small Business,Keyboard,3,424.08,1272.24,North,John Doe
ORD-0818,2023-10-23,Small Business,Laptop,10,651.07,6510.700000000001,West,Bob Johnson
ORD-0819,2023-11-16,Small Business,Mouse,6,49.21,295.26,Central,Alice Brown
ORD-0820,2023-02-28,Tech Solutions,Monitor,6,594.48,3566.88,West,Bob Johnson
ORD-0821,2023-03-20,Startup Co,Keyboard,2,78.02,156.04,South,Charlie Wilson
ORD-0822,2023-03-03,XYZ Inc,Laptop,8,985.21,7881.68,Central,Jane Smith
ORD-0823,2023-06-17,Small Business,Tablet,8,907.4,7259.2,South,Charlie Wilson
ORD-0824,2023-01-13,Mega Corp,Mouse,4,537.49,2149.96,Central,Bob Johnson
ORD-0825,2023-11-04,Mega Corp,Monitor,9,900.25,8102.25,West,Bob Johnson
ORD-0826,2023-02-23,Tech Solutions,Mouse,6,655.03,3930.18,Central,Jane Smith
ORD-0827,2023-12-10,XYZ Inc,Phone,5,769.63,3848.15,North,Bob Johnson
ORD-0828,2023-03-31,Startup Co,Monitor,7,863.69,6045.83,West,Jane Smith
ORD-0829,2023-03-09,Small Business,Webcam,6,275.48,1652.88,East,Jane Smith
ORD-0830,2023-01-22,Acme Corp,Webcam,5,116.53,582.65,Central,Charlie Wilson
ORD-0831,2023-10-21,XYZ Inc,Laptop,2,868.61,1737.22,Central,Jane Smith
ORD-0832,2023-07-10,Tech Solutions,Monitor,7,338.49,2369.4300000000003,Central,John Doe
ORD-0833,2023-11-27,Tech Solutions,Webcam,10,60.32,603.2,South,Alice Brown
ORD-0834,2023-03-29,XYZ Inc,Monitor,9,134.43,1209.8700000000001,Central,Bob Johnson
ORD-0835,2023-08-12,Startup Co,Laptop,6,295.91,1775.46,West,Jane Smith
ORD-0836,2023-09-18,Tech Solutions,Headphones,2,180.23,360.46,West,Jane Smith
ORD-0837,2023-10-23,Startup Co,Monitor,6,932.52,5595.12,North,Charlie Wilson
ORD-0838,2023-04-06,Tech Solutions,Laptop,9,632.91,5696.19,East,John Doe
ORD-0839,2023-11-01,Tech Solutions,Laptop,9,997.26,8975.34,East,Charlie Wilson
ORD-0840,2023-11-22,Mega Corp,Monitor,6,235.72,1414.32,West,John Doe
ORD-0841,2023-04-26,Tech Solutions,Keyboard,9,71.62,644.58,West,Charlie Wilson
ORD-0842,2023-03-16,Startup Co,Mouse,10,280.56,2805.6,North,Charlie Wilson
ORD-0843,2023-03-25,XYZ Inc,Monitor,1,590.62,590.62,West,Charlie Wilson
ORD-0844,2023-04-08,Small Business,Headphones,7,964.12,6748.84,East,Jane Smith
ORD-0845,2023-10-20,Enterprise Ltd,Mouse,2,897.1,1794.2,East,Jane Smith
ORD-0846,2023-01-16,Mega Corp,Monitor,1,485.71,485.71,West,John Doe
ORD-0847,2023-09-21,Tech Solutions,Headphones,3,632.79,1898.37,South,Jane Smith
ORD-0848,2023-09-01,Startup Co,Laptop,10,825.69,8256.900000000001,West,Jane Smith
ORD-0849,2023-04-13,Acme Corp,Laptop,9,546.02,4914.18,South,Alice Brown
ORD-0850,2023-11-06,Small Business,Mouse,3,976.54,2929.62,North,Bob Johnson
ORD-0851,2023-04-30,Global Industries,Webcam,10,734.22,7342.200000000001,West,Charlie Wilson
ORD-0852,2023-01-02,Startup Co,Keyboard,4,855.81,3423.24,Central,Jane Smith
ORD-0853,2023-02-10,Acme Corp,Phone,10,585.97,5859.700000000001,East,Bob Johnson
ORD-0854,2023-10-12,Enterprise Ltd,Phone,6,583.81,3502.8599999999997,South,Jane Smith
ORD-0855,2023-04-10,XYZ Inc,Keyboard,1,982.15,982.15,Central,Alice Brown
ORD-0856,2023-01-22,Global Industries,Monitor,1,87.03,87.03,East,Charlie Wilson
ORD-0857,2023-04-21,Small Business,Monitor,4,279.95,1119.8,South,Bob Johnson
ORD-0858,2023-12-29,XYZ Inc,Monitor,10,459.17,4591.7,South,Charlie Wilson
ORD-0859,2023-10-25,Enterprise Ltd,Keyboard,6,299.23,1795.38,Central,Charlie Wilson
ORD-0860,2023-03-08,Startup Co,Webcam,7,318.33,2228.31,East,Alice Brown
ORD-0861,2023-06-09,Enterprise Ltd,Headphones,10,277.37,2773.7,West,Jane Smith
ORD-0862,2023-11-12,Small Business,Monitor,9,385.04,3465.36,Central,John Doe
ORD-0863,2023-05-15,Tech Solutions,Webcam,2,58.43,116.86,North,Jane Smith
ORD-0864,2023-04-18,Small Business,Mouse,3,841.87,2525.61,Central,Alice Brown
ORD-0865,2023-02-03,Enterprise Ltd,Monitor,10,629.8,6298.0,East,Bob Johnson
ORD-0866,2023-02-04,Enterprise Ltd,Webcam,5,959.23,4796.15,South,Alice Brown
ORD-0867,2023-04-18,XYZ Inc,Phone,1,64.83,64.83,South,Charlie Wilson
ORD-0868,2023-05-24,Tech Solutions,Laptop,3,710.94,2132.82,South,John Doe
ORD-0869,2023-05-10,Acme Corp,Monitor,3,936.73,2810.19,North,Alice Brown
ORD-0870,2023-06-30,Mega Corp,Mouse,1,75.92,75.92,East,Alice Brown
ORD-0871,2023-05-14,Tech Solutions,Tablet,5,901.04,4505.2,Central,Charlie Wilson
ORD-0872,2023-09-09,Global Industries,Mouse,2,352.24,704.48,South,Bob Johnson
ORD-0873,2023-08-30,Global Industries,Mouse,10,498.52,4985.2,Central,Alice Brown
ORD-0874,2023-03-05,XYZ Inc,Phone,4,125.08,500.32,West,Jane Smith
ORD-0875,2023-08-31,Enterprise Ltd,Headphones,9,216.56,1949.04,West,Alice Brown
ORD-0876,2023-11-25,Global Industries,Phone,2,385.04,770.08,North,Jane Smith
ORD-0877,2023-03-21,Tech Solutions,Mouse,7,934.41,6540.87,Central,Alice Brown
ORD-0878,2023-05-09,Tech Solutions,Keyboard,7,660.59,4624.13,Central,Charlie Wilson
ORD-0879,2023-01-10,XYZ Inc,Keyboard,10,428.97,4289.700000000001,South,Bob Johnson
ORD-0880,2023-01-30,Startup Co,Monitor,2,524.75,1049.5,West,John Doe
ORD-0881,2023-09-04,XYZ Inc,Tablet,2,578.51,1157.02,Central,Alice Brown
ORD-0882,2023-01-04,Acme Corp,Monitor,1,395.94,395.94,North,Jane Smith
ORD-0883,2023-10-02,Global Industries,Tablet,6,771.08,4626.4800000000005,South,Bob Johnson
ORD-0884,2023-05-26,Enterprise Ltd,Mouse,6,953.17,5719.0199999999995,Central,John Doe
ORD-0885,2023-04-05,Startup Co,Mouse,5,614.91,3074.5499999999997,East,Charlie Wilson
ORD-0886,2023-01-20,Small Business,Monitor,5,319.66,1598.3000000000002,North,Bob Johnson
ORD-0887,2023-01-31,Mega Corp,Laptop,9,108.0,972.0,South,Alice Brown
ORD-0888,2023-09-26,Global Industries,Laptop,6,983.18,5899.08,Central,Bob Johnson
ORD-0889,2023-09-14,Acme Corp,Keyboard,6,797.88,4787.28,North,Bob Johnson
ORD-0890,2023-03-23,Small Business,Keyboard,6,879.99,5279.9400000000005,North,Jane Smith
ORD-0891,2023-07-06,Small Business,Headphones,8,553.95,4431.6,South,Alice Brown
ORD-0892,2023-03-23,Startup Co,Monitor,1,356.54,356.54,Central,Alice Brown
ORD-0893,2023-06-30,Startup Co,Headphones,7,640.47,4483.29,North,Alice Brown
ORD-0894,2023-04-04,Enterprise Ltd,Webcam,4,92.65,370.6,East,Charlie Wilson
ORD-0895,2023-11-17,Small Business,Keyboard,6,858.66,5151.96,East,Jane Smith
ORD-0896,2023-07-13,Small Business,Phone,1,226.29,226.29,North,John Doe
ORD-0897,2023-11-08,Startup Co,Keyboard,6,258.94,1553.6399999999999,East,John Doe
ORD-0898,2023-04-16,Global Industries,Headphones,1,100.6,100.6,North,Charlie Wilson
ORD-0899,2023-10-13,XYZ Inc,Webcam,9,620.52,5584.68,East,Charlie Wilson
ORD-0900,2023-12-18,Acme Corp,Keyboard,7,104.05,728.35,South,Alice Brown
ORD-0901,2023-06-05,XYZ Inc,Laptop,10,490.33,4903.3,West,Bob Johnson
ORD-0902,2023-01-02,Acme Corp,Headphones,8,529.15,4233.2,Central,Jane Smith
ORD-0903,2023-06-25,Global Industries,Keyboard,4,925.31,3701.24,South,Bob Johnson
ORD-0904,2023-10-02,Acme Corp,Phone,5,324.31,1621.55,East,Bob Johnson
ORD-0905,2023-07-08,Mega Corp,Webcam,2,415.4,830.8,East,Jane Smith
ORD-0906,2023-03-16,Startup Co,Tablet,8,579.01,4632.08,North,John Doe
ORD-0907,2023-05-04,Global Industries,Tablet,9,217.88,1960.92,South,Charlie Wilson
ORD-0908,2023-11-04,Small Business,Monitor,9,200.45,1804.05,West,Alice Brown
ORD-0909,2023-04-24,Tech Solutions,Tablet,8,460.61,3684.88,East,Charlie Wilson
ORD-0910,2023-11-12,Enterprise Ltd,Laptop,10,58.57,585.7,West,John Doe
ORD-0911,2023-05-31,XYZ Inc,Mouse,9,774.87,6973.83,South,Jane Smith
ORD-0912,2023-03-09,Startup Co,Tablet,3,989.77,2969.31,West,Charlie Wilson
ORD-0913,2023-08-25,Startup Co,Laptop,2,525.33,1050.66,Central,Alice Brown
ORD-0914,2023-01-21,Enterprise Ltd,Keyboard,8,824.17,6593.36,South,Bob Johnson
ORD-0915,2023-03-22,Tech Solutions,Headphones,10,419.76,4197.6,North,Alice Brown
ORD-0916,2023-03-17,Enterprise Ltd,Keyboard,3,737.62,2212.86,West,John Doe
ORD-0917,2023-05-08,XYZ Inc,Tablet,3,685.41,2056.23,East,Jane Smith
ORD-0918,2023-07-25,Enterprise Ltd,Tablet,9,592.55,5332.95,West,Jane Smith
ORD-0919,2023-01-29,Acme Corp,Monitor,10,331.02,3310.2,Central,Bob Johnson
ORD-0920,2023-09-24,Enterprise Ltd,Keyboard,3,989.71,2969.13,West,Bob Johnson
ORD-0921,2023-01-06,XYZ Inc,Tablet,7,299.96,2099.72,South,Charlie Wilson
ORD-0922,2023-08-28,Mega Corp,Laptop,7,75.21,526.4699999999999,East,John Doe
ORD-0923,2023-05-16,Small Business,Webcam,3,479.47,1438.41,East,Jane Smith
ORD-0924,2023-09-01,Tech Solutions,Mouse,9,310.57,2795.13,South,Alice Brown
ORD-0925,2023-03-07,Enterprise Ltd,Headphones,6,402.24,2413.44,West,Bob Johnson
ORD-0926,2023-07-16,Mega Corp,Keyboard,8,646.63,5173.04,Central,Charlie Wilson
ORD-0927,2023-08-10,XYZ Inc,Headphones,10,531.09,5310.900000000001,South,John Doe
ORD-0928,2023-08-24,Small Business,Laptop,8,173.04,1384.32,East,Bob Johnson
ORD-0929,2023-11-29,Tech Solutions,Keyboard,3,927.7,2783.1000000000004,Central,Jane Smith
ORD-0930,2023-01-09,XYZ Inc,Laptop,8,651.38,5211.04,Central,Jane Smith
ORD-0931,2023-10-17,Acme Corp,Laptop,6,521.13,3126.7799999999997,East,Charlie Wilson
ORD-0932,2023-09-20,Startup Co,Tablet,2,833.93,1667.86,East,Jane Smith
ORD-0933,2023-12-17,Acme Corp,Keyboard,5,915.05,4575.25,South,Jane Smith
ORD-0934,2023-07-04,Mega Corp,Phone,6,591.11,3546.66,East,Bob Johnson
ORD-0935,2023-02-19,Tech Solutions,Mouse,4,543.2,2172.8,South,John Doe
ORD-0936,2023-04-19,Global Industries,Laptop,9,455.82,4102.38,West,Bob Johnson
ORD-0937,2023-09-18,Global Industries,Mouse,1,187.07,187.07,North,Charlie Wilson
ORD-0938,2023-08-07,Tech Solutions,Laptop,5,584.65,2923.25,North,Alice Brown
ORD-0939,2023-12-01,Enterprise Ltd,Phone,2,741.94,1483.88,South,Bob Johnson
ORD-0940,2023-04-13,Small Business,Keyboard,8,249.05,1992.4,North,Charlie Wilson
ORD-0941,2023-04-21,XYZ Inc,Mouse,9,641.64,5774.76,East,John Doe
ORD-0942,2023-05-01,Startup Co,Phone,3,626.98,1880.94,West,Alice Brown
ORD-0943,2023-03-25,Small Business,Laptop,7,124.77,873.39,West,Charlie Wilson
ORD-0944,2023-04-13,Tech Solutions,Tablet,7,540.06,3780.4199999999996,Central,Jane Smith
ORD-0945,2023-02-10,Acme Corp,Laptop,3,816.26,2448.7799999999997,North,Alice Brown
ORD-0946,2023-05-17,Global Industries,Mouse,2,441.68,883.36,South,Bob Johnson
ORD-0947,2023-06-21,Startup Co,Keyboard,8,317.17,2537.36,North,Jane Smith
ORD-0948,2023-09-09,Global Industries,Monitor,1,267.46,267.46,South,Charlie Wilson
ORD-0949,2023-07-03,Mega Corp,Headphones,3,736.1,2208.3,East,Jane Smith
ORD-0950,2023-03-11,Global Industries,Laptop,8,595.97,4767.76,West,John Doe
ORD-0951,2023-05-17,Enterprise Ltd,Tablet,9,146.99,1322.91,Central,Jane Smith
ORD-0952,2023-11-15,Mega Corp,Headphones,10,114.64,1146.4,South,Jane Smith
ORD-0953,2023-04-03,Mega Corp,Monitor,1,698.17,698.17,North,Bob Johnson
ORD-0954,2023-11-15,Global Industries,Laptop,2,83.94,167.88,North,Alice Brown
ORD-0955,2023-07-17,Startup Co,Keyboard,9,273.97,2465.7300000000005,North,Jane Smith
ORD-0956,2023-01-23,XYZ Inc,Keyboard,6,916.04,5496.24,South,Alice Brown
ORD-0957,2023-02-24,Acme Corp,Webcam,5,105.96,529.8,South,Charlie Wilson
ORD-0958,2023-03-25,Global Industries,Webcam,4,953.99,3815.96,Central,John Doe
ORD-0959,2023-08-29,Startup Co,Headphones,2,906.83,1813.66,Central,John Doe
ORD-0960,2023-06-13,Acme Corp,Tablet,8,610.53,4884.24,West,Bob Johnson
ORD-0961,2023-07-24,Startup Co,Monitor,9,154.92,1394.28,West,Charlie Wilson
ORD-0962,2023-08-19,Tech Solutions,Mouse,7,368.58,2580.06,South,Charlie Wilson
ORD-0963,2023-05-22,Acme Corp,Headphones,5,930.9,4654.5,West,Jane Smith
ORD-0964,2023-03-07,Small Business,Mouse,10,758.93,7589.299999999999,East,Charlie Wilson
ORD-0965,2023-11-29,Global Industries,Mouse,10,330.09,3300.8999999999996,East,John Doe
ORD-0966,2023-05-23,XYZ Inc,Phone,7,517.2,3620.4000000000005,North,Bob Johnson
ORD-0967,2023-08-13,Global Industries,Keyboard,9,714.95,6434.55,East,Jane Smith
ORD-0968,2023-11-09,XYZ Inc,Monitor,7,678.03,4746.21,North,Bob Johnson
ORD-0969,2023-10-06,Enterprise Ltd,Phone,3,781.55,2344.6499999999996,East,John Doe
ORD-0970,2023-07-04,Small Business,Keyboard,9,566.07,5094.63,South,Alice Brown
ORD-0971,2023-09-17,XYZ Inc,Monitor,10,84.08,840.8,South,John Doe
ORD-0972,2023-04-28,Small Business,Keyboard,10,670.05,6700.5,Central,Bob Johnson
ORD-0973,2023-10-28,Enterprise Ltd,Mouse,5,893.62,4468.1,West,Bob Johnson
ORD-0974,2023-02-03,Acme Corp,Tablet,1,419.16,419.16,Central,John Doe
ORD-0975,2023-05-06,Tech Solutions,Monitor,7,360.6,2524.2000000000003,Central,Charlie Wilson
ORD-0976,2023-05-09,Enterprise Ltd,Tablet,5,206.33,1031.65,North,John Doe
ORD-0977,2023-03-26,Acme Corp,Webcam,8,640.16,5121.28,Central,Jane Smith
ORD-0978,2023-10-08,Enterprise Ltd,Phone,8,775.49,6203.92,Central,Jane Smith
ORD-0979,2023-08-03,Small Business,Monitor,10,290.46,2904.6,East,Jane Smith
ORD-0980,2023-05-01,Global Industries,Tablet,10,988.72,9887.2,East,Alice Brown
ORD-0981,2023-08-08,Startup Co,Laptop,7,631.92,4423.44,West,Charlie Wilson
ORD-0982,2023-03-24,Small Business,Webcam,8,134.07,1072.56,Central,Charlie Wilson
ORD-0983,2023-10-29,Tech Solutions,Laptop,7,731.48,5120.360000000001,West,Charlie Wilson
ORD-0984,2023-03-29,XYZ Inc,Headphones,9,761.73,6855.57,West,Jane Smith
ORD-0985,2023-08-21,Startup Co,Headphones,1,595.79,595.79,South,Jane Smith
ORD-0986,2023-10-25,XYZ Inc,Monitor,2,134.4,268.8,North,John Doe
ORD-0987,2023-05-06,Mega Corp,Webcam,2,341.4,682.8,West,Jane Smith
ORD-0988,2023-02-27,XYZ Inc,Phone,10,266.41,2664.1000000000004,Central,Jane Smith
ORD-0989,2023-04-15,Tech Solutions,Webcam,5,79.09,395.45000000000005,East,Alice Brown
ORD-0990,2023-04-13,Startup Co,Mouse,2,829.75,1659.5,South,Bob Johnson
ORD-0991,2023-08-21,Enterprise Ltd,Keyboard,10,668.3,6683.0,North,Jane Smith
ORD-0992,2023-04-12,Mega Corp,Tablet,5,993.94,4969.700000000001,Central,Charlie Wilson
ORD-0993,2023-04-07,Acme Corp,Keyboard,7,429.24,3004.6800000000003,South,Bob Johnson
ORD-0994,2023-01-31,XYZ Inc,Laptop,9,531.53,4783.7699999999995,Central,Charlie Wilson
ORD-0995,2023-08-13,Acme Corp,Phone,10,561.24,5612.4,Central,Alice Brown
ORD-0996,2023-01-15,Small Business,Tablet,2,423.5,847.0,Central,Alice Brown
ORD-0997,2023-10-25,XYZ Inc,Headphones,7,385.51,2698.5699999999997,Central,Charlie Wilson
ORD-0998,2023-03-28,Enterprise Ltd,Mouse,6,139.99,839.94,Central,Alice Brown
ORD-0999,2023-04-12,Small Business,Webcam,2,80.44,160.88,Central,Bob Johnson
ORD-1000,2023-02-04,Tech Solutions,Monitor,4,328.24,1312.96,West,John Doe
